date,time,sec,weight (kg)
21/4/2022,18:20,0,"19,54"
21/4/2022,18:25,300,"19,54"
21/4/2022,18:30,600,"19,54"
21/4/2022,18:35,900,"19,54"
21/4/2022,18:40,1200,"19,54"
21/4/2022,18:45,1500,"19,54"
21/4/2022,18:50,1800,"19,54"
21/4/2022,18:55,2100,"19,54"
21/4/2022,19:00,2400,"19,54"
21/4/2022,19:05,2700,"19,54"
21/4/2022,19:10,3000,"19,54"
21/4/2022,19:15,3300,"19,54"
21/4/2022,19:20,3600,"19,54"
21/4/2022,19:25,3900,"19,54"
21/4/2022,19:30,4200,"19,54"
21/4/2022,19:35,4500,"19,54"
21/4/2022,19:40,4800,"19,54"
21/4/2022,19:45,5100,"19,54"
21/4/2022,19:50,5400,"19,54"
21/4/2022,19:55,5700,"19,54"
21/4/2022,20:00,6000,"19,54"
21/4/2022,20:05,6300,"19,54"
21/4/2022,20:10,6600,"19,54"
21/4/2022,20:15,6900,"19,54"
21/4/2022,20:20,7200,"19,54"
21/4/2022,20:25,7500,"19,54"
21/4/2022,20:30,7800,"19,54"
21/4/2022,20:35,8100,"19,54"
21/4/2022,20:40,8400,"19,54"
21/4/2022,20:45,8700,"19,54"
21/4/2022,20:50,9000,"19,54"
21/4/2022,20:55,9300,"19,54"
21/4/2022,21:00,9600,"19,54"
21/4/2022,21:05,9900,"19,54"
21/4/2022,21:10,10200,"19,54"
21/4/2022,21:15,10500,"19,54"
21/4/2022,21:20,10800,"19,54"
21/4/2022,21:25,11100,"19,54"
21/4/2022,21:30,11400,"19,54"
21/4/2022,21:35,11700,"19,54"
21/4/2022,21:40,12000,"19,54"
21/4/2022,21:45,12300,"19,54"
21/4/2022,21:50,12600,"19,54"
21/4/2022,21:55,12900,"19,54"
21/4/2022,22:00,13200,"19,54"
21/4/2022,22:05,13500,"19,54"
21/4/2022,22:10,13800,"19,54"
21/4/2022,22:15,14100,"19,54"
21/4/2022,22:20,14400,"19,54"
21/4/2022,22:25,14700,"19,54"
21/4/2022,22:30,15000,"19,54"
21/4/2022,22:35,15300,"19,54"
21/4/2022,22:40,15600,"19,54"
21/4/2022,22:45,15900,"19,54"
21/4/2022,22:50,16200,"19,54"
21/4/2022,22:55,16500,"19,53"
21/4/2022,23:00,16800,"19,54"
21/4/2022,23:05,17100,"19,54"
21/4/2022,23:10,17400,"19,54"
21/4/2022,23:15,17700,"19,54"
21/4/2022,23:20,18000,"19,54"
21/4/2022,23:25,18300,"19,54"
21/4/2022,23:30,18600,"19,54"
21/4/2022,23:35,18900,"19,53"
21/4/2022,23:40,19200,"19,54"
21/4/2022,23:45,19500,"19,54"
21/4/2022,23:50,19800,"19,54"
21/4/2022,23:55,20100,"19,53"
22/4/2022,00:00,20400,"19,53"
22/4/2022,00:05,20700,"19,54"
22/4/2022,00:10,21000,"19,54"
22/4/2022,00:15,21300,"19,53"
22/4/2022,00:20,21600,"19,53"
22/4/2022,00:25,21900,"19,54"
22/4/2022,00:30,22200,"19,53"
22/4/2022,00:35,22500,"19,53"
22/4/2022,00:40,22800,"19,53"
22/4/2022,00:45,23100,"19,54"
22/4/2022,00:50,23400,"19,53"
22/4/2022,00:55,23700,"19,53"
22/4/2022,01:00,24000,"19,53"
22/4/2022,01:05,24300,"19,54"
22/4/2022,01:10,24600,"19,53"
22/4/2022,01:15,24900,"19,53"
22/4/2022,01:20,25200,"19,53"
22/4/2022,01:25,25500,"19,53"
22/4/2022,01:30,25800,"19,53"
22/4/2022,01:35,26100,"19,53"
22/4/2022,01:40,26400,"19,53"
22/4/2022,01:45,26700,"19,53"
22/4/2022,01:50,27000,"19,53"
22/4/2022,01:55,27300,"19,53"
22/4/2022,02:00,27600,"19,53"
22/4/2022,02:05,27900,"19,53"
22/4/2022,02:10,28200,"19,53"
22/4/2022,02:15,28500,"19,53"
22/4/2022,02:20,28800,"19,53"
22/4/2022,02:25,29100,"19,53"
22/4/2022,02:30,29400,"19,53"
22/4/2022,02:35,29700,"19,53"
22/4/2022,02:40,30000,"19,53"
22/4/2022,02:45,30300,"19,53"
22/4/2022,02:50,30600,"19,53"
22/4/2022,02:55,30900,"19,53"
22/4/2022,03:00,31200,"19,53"
22/4/2022,03:05,31500,"19,53"
22/4/2022,03:10,31800,"19,53"
22/4/2022,03:15,32100,"19,53"
22/4/2022,03:20,32400,"19,53"
22/4/2022,03:25,32700,"19,53"
22/4/2022,03:30,33000,"19,53"
22/4/2022,03:35,33300,"19,53"
22/4/2022,03:40,33600,"19,53"
22/4/2022,03:45,33900,"19,53"
22/4/2022,03:50,34200,"19,53"
22/4/2022,03:55,34500,"19,53"
22/4/2022,04:00,34800,"19,53"
22/4/2022,04:05,35100,"19,53"
22/4/2022,04:10,35400,"19,53"
22/4/2022,04:15,35700,"19,53"
22/4/2022,04:20,36000,"19,53"
22/4/2022,04:25,36300,"19,53"
22/4/2022,04:30,36600,"19,53"
22/4/2022,04:35,36900,"19,53"
22/4/2022,04:40,37200,"19,53"
22/4/2022,04:45,37500,"19,53"
22/4/2022,04:50,37800,"19,53"
22/4/2022,04:55,38100,"19,53"
22/4/2022,05:00,38400,"19,53"
22/4/2022,05:05,38700,"19,53"
22/4/2022,05:10,39000,"19,53"
22/4/2022,05:15,39300,"19,53"
22/4/2022,05:20,39600,"19,53"
22/4/2022,05:25,39900,"19,53"
22/4/2022,05:30,40200,"19,53"
22/4/2022,05:35,40500,"19,53"
22/4/2022,05:40,40800,"19,53"
22/4/2022,05:45,41100,"19,53"
22/4/2022,05:50,41400,"19,53"
22/4/2022,05:55,41700,"19,53"
22/4/2022,06:00,41999,"19,53"
22/4/2022,06:05,42299,"19,53"
22/4/2022,06:10,42599,"19,53"
22/4/2022,06:15,42899,"19,53"
22/4/2022,06:20,43199,"19,53"
22/4/2022,06:25,43499,"19,53"
22/4/2022,06:30,43799,"19,53"
22/4/2022,06:35,44099,"19,53"
22/4/2022,06:40,44399,"19,53"
22/4/2022,06:45,44699,"19,53"
22/4/2022,06:50,44999,"19,53"
22/4/2022,06:55,45299,"19,53"
22/4/2022,07:00,45599,"19,53"
22/4/2022,07:05,45899,"19,53"
22/4/2022,07:10,46199,"19,53"
22/4/2022,07:15,46499,"19,53"
22/4/2022,07:20,46799,"19,53"
22/4/2022,07:25,47099,"19,53"
22/4/2022,07:30,47399,"19,53"
22/4/2022,07:35,47699,"19,53"
22/4/2022,07:40,47999,"19,53"
22/4/2022,07:45,48299,"19,53"
22/4/2022,07:50,48599,"19,53"
22/4/2022,07:55,48899,"19,53"
22/4/2022,08:00,49199,"19,53"
22/4/2022,08:05,49499,"19,53"
22/4/2022,08:10,49799,"19,53"
22/4/2022,08:15,50099,"19,53"
22/4/2022,08:20,50399,"19,53"
22/4/2022,08:25,50699,"19,53"
22/4/2022,08:30,50999,"19,53"
22/4/2022,08:35,51299,"19,53"
22/4/2022,08:40,51599,"19,53"
22/4/2022,08:45,51899,"19,53"
22/4/2022,08:50,52199,"19,53"
22/4/2022,08:55,52499,"19,53"
22/4/2022,09:00,52799,"19,53"
22/4/2022,09:05,53099,"19,53"
22/4/2022,09:10,53399,"19,53"
22/4/2022,09:15,53699,"19,53"
22/4/2022,09:20,53999,"19,53"
22/4/2022,09:25,54299,"19,53"
22/4/2022,09:30,54599,"19,53"
22/4/2022,09:35,54899,"19,53"
22/4/2022,09:40,55199,"19,53"
22/4/2022,09:45,55499,"19,53"
22/4/2022,09:50,55799,"19,53"
22/4/2022,09:55,56099,"19,53"
22/4/2022,10:00,56399,"19,53"
22/4/2022,10:05,56699,"19,53"
22/4/2022,10:10,56999,"19,53"
22/4/2022,10:15,57299,"19,53"
22/4/2022,10:20,57599,"19,53"
22/4/2022,10:25,57899,"19,53"
22/4/2022,10:30,58199,"19,62"
22/4/2022,10:35,58499,"19,55"
22/4/2022,10:40,58799,"19,58"
22/4/2022,10:45,59099,"19,58"
22/4/2022,10:50,59399,"19,58"
22/4/2022,10:55,59699,"19,58"
22/4/2022,11:00,59999,"19,58"
22/4/2022,11:05,60299,"19,58"
22/4/2022,11:10,60599,"19,58"
22/4/2022,11:15,60899,"19,58"
22/4/2022,11:20,61199,"19,58"
22/4/2022,11:25,61499,"19,58"
22/4/2022,11:30,61799,"19,58"
22/4/2022,11:35,62099,"19,58"
22/4/2022,11:40,62399,"19,58"
22/4/2022,11:45,62699,"19,58"
22/4/2022,11:50,62999,"19,56"
22/4/2022,11:55,63299,"19,56"
22/4/2022,12:00,63599,"19,56"
22/4/2022,12:05,63899,"19,56"
22/4/2022,12:10,64199,"19,56"
22/4/2022,12:15,64499,"19,56"
22/4/2022,12:20,64799,"19,56"
22/4/2022,12:25,65099,"19,56"
22/4/2022,12:30,65399,"19,56"
22/4/2022,12:35,65699,"19,56"
22/4/2022,12:40,65999,"19,56"
22/4/2022,12:45,66299,"19,56"
22/4/2022,12:50,66599,"19,56"
22/4/2022,12:55,66899,"19,56"
22/4/2022,13:00,67199,"19,56"
22/4/2022,13:05,67499,"19,56"
22/4/2022,13:10,67799,"19,56"
22/4/2022,13:15,68099,"19,56"
22/4/2022,13:20,68399,"19,56"
22/4/2022,13:25,68699,"19,56"
22/4/2022,13:30,68999,"19,56"
22/4/2022,13:35,69299,"19,56"
22/4/2022,13:40,69599,"19,56"
22/4/2022,13:45,69899,"19,56"
22/4/2022,13:50,70199,"19,56"
22/4/2022,13:55,70499,"19,56"
22/4/2022,14:00,70799,"19,56"
22/4/2022,14:05,71099,"19,56"
22/4/2022,14:10,71399,"19,56"
22/4/2022,14:15,71699,"19,56"
22/4/2022,14:20,71999,"19,56"
22/4/2022,14:25,72299,"19,56"
22/4/2022,14:30,72599,"19,56"
22/4/2022,14:35,72899,"19,56"
22/4/2022,14:40,73199,"19,56"
22/4/2022,14:45,73499,"19,56"
22/4/2022,14:50,73799,"19,56"
22/4/2022,14:55,74099,"19,56"
22/4/2022,15:00,74399,"19,56"
22/4/2022,15:05,74699,"19,56"
22/4/2022,15:10,74999,"19,56"
22/4/2022,15:15,75299,"19,56"
22/4/2022,15:20,75599,"19,56"
22/4/2022,15:25,75899,"19,56"
22/4/2022,15:30,76199,"19,56"
22/4/2022,15:35,76499,"19,56"
22/4/2022,15:40,76799,"19,56"
22/4/2022,15:45,77099,"19,56"
22/4/2022,15:50,77399,"19,56"
22/4/2022,15:55,77699,"19,56"
22/4/2022,16:00,77999,"19,56"
22/4/2022,16:05,78299,"19,56"
22/4/2022,16:10,78599,"19,56"
22/4/2022,16:15,78899,"19,56"
22/4/2022,16:20,79199,"19,56"
22/4/2022,16:25,79499,"19,56"
22/4/2022,16:30,79799,"19,56"
22/4/2022,16:35,80099,"19,56"
22/4/2022,16:40,80399,"19,56"
22/4/2022,16:45,80699,"19,56"
22/4/2022,16:50,80999,"19,56"
22/4/2022,16:55,81299,"19,56"
22/4/2022,17:00,81599,"19,56"
22/4/2022,17:05,81899,"19,56"
22/4/2022,17:10,82199,"19,56"
22/4/2022,17:15,82499,"19,56"
22/4/2022,17:20,82799,"19,56"
22/4/2022,17:25,83099,"19,56"
22/4/2022,17:30,83399,"19,56"
22/4/2022,17:35,83699,"19,56"
22/4/2022,17:40,83999,"19,56"
22/4/2022,17:45,84299,"19,56"
22/4/2022,17:50,84599,"19,56"
22/4/2022,17:55,84899,"19,56"
22/4/2022,18:00,85199,"19,56"
22/4/2022,18:05,85499,"19,56"
22/4/2022,18:10,85799,"19,56"
22/4/2022,18:15,86099,"19,56"
22/4/2022,18:20,86399,"19,56"
22/4/2022,18:25,86699,"19,56"
22/4/2022,18:30,86999,"19,56"
22/4/2022,18:35,87299,"19,56"
22/4/2022,18:40,87599,"19,56"
22/4/2022,18:45,87899,"19,56"
22/4/2022,18:50,88199,"19,56"
22/4/2022,18:55,88499,"19,56"
22/4/2022,19:00,88799,"19,56"
22/4/2022,19:05,89099,"19,56"
22/4/2022,19:10,89399,"19,56"
22/4/2022,19:15,89699,"19,56"
22/4/2022,19:20,89999,"19,56"
22/4/2022,19:25,90299,"19,56"
22/4/2022,19:30,90599,"19,55"
22/4/2022,19:35,90899,"19,55"
22/4/2022,19:40,91199,"19,56"
22/4/2022,19:45,91499,"19,56"
22/4/2022,19:50,91799,"19,55"
22/4/2022,19:55,92099,"19,55"
22/4/2022,20:00,92399,"19,56"
22/4/2022,20:05,92699,"19,55"
22/4/2022,20:10,92999,"19,55"
22/4/2022,20:15,93299,"19,55"
22/4/2022,20:20,93599,"19,55"
22/4/2022,20:25,93899,"19,55"
22/4/2022,20:30,94199,"19,55"
22/4/2022,20:35,94499,"19,55"
22/4/2022,20:40,94799,"19,55"
22/4/2022,20:45,95099,"19,55"
22/4/2022,20:50,95399,"19,55"
22/4/2022,20:55,95699,"19,55"
22/4/2022,21:00,95999,"19,55"
22/4/2022,21:05,96299,"19,55"
22/4/2022,21:10,96599,"19,55"
22/4/2022,21:15,96899,"19,55"
22/4/2022,21:20,97199,"19,55"
22/4/2022,21:25,97499,"19,55"
22/4/2022,21:30,97799,"19,55"
22/4/2022,21:35,98099,"19,55"
22/4/2022,21:40,98399,"19,55"
22/4/2022,21:45,98699,"19,55"
22/4/2022,21:50,98999,"19,55"
22/4/2022,21:55,99299,"19,55"
22/4/2022,22:00,99599,"19,55"
22/4/2022,22:05,99899,"19,55"
22/4/2022,22:10,100199,"19,55"
22/4/2022,22:15,100499,"19,55"
22/4/2022,22:20,100799,"19,55"
22/4/2022,22:25,101099,"19,55"
22/4/2022,22:30,101399,"19,55"
22/4/2022,22:35,101699,"19,55"
22/4/2022,22:40,101999,"19,55"
22/4/2022,22:45,102299,"19,55"
22/4/2022,22:50,102599,"19,55"
22/4/2022,22:55,102899,"19,55"
22/4/2022,23:00,103199,"19,55"
22/4/2022,23:05,103499,"19,55"
22/4/2022,23:10,103799,"19,55"
22/4/2022,23:15,104099,"19,55"
22/4/2022,23:20,104399,"19,55"
22/4/2022,23:25,104699,"19,55"
22/4/2022,23:30,104999,"19,55"
22/4/2022,23:35,105299,"19,55"
22/4/2022,23:40,105599,"19,55"
22/4/2022,23:45,105899,"19,55"
22/4/2022,23:50,106199,"19,55"
22/4/2022,23:55,106499,"19,55"
23/4/2022,00:00,106799,"19,55"
23/4/2022,00:05,107099,"19,55"
23/4/2022,00:10,107399,"19,55"
23/4/2022,00:15,107699,"19,55"
23/4/2022,00:20,107999,"19,55"
23/4/2022,00:25,108299,"19,55"
23/4/2022,00:30,108599,"19,55"
23/4/2022,00:35,108899,"19,55"
23/4/2022,00:40,109199,"19,55"
23/4/2022,00:45,109499,"19,55"
23/4/2022,00:50,109799,"19,55"
23/4/2022,00:55,110099,"19,55"
23/4/2022,01:00,110399,"19,55"
23/4/2022,01:05,110699,"19,55"
23/4/2022,01:10,110999,"19,55"
23/4/2022,01:15,111299,"19,55"
23/4/2022,01:20,111599,"19,55"
23/4/2022,01:25,111899,"19,55"
23/4/2022,01:30,112199,"19,55"
23/4/2022,01:35,112499,"19,55"
23/4/2022,01:40,112799,"19,55"
23/4/2022,01:45,113099,"19,55"
23/4/2022,01:50,113399,"19,55"
23/4/2022,01:55,113699,"19,55"
23/4/2022,02:00,113999,"19,55"
23/4/2022,02:05,114299,"19,55"
23/4/2022,02:10,114599,"19,55"
23/4/2022,02:15,114899,"19,55"
23/4/2022,02:20,115199,"19,55"
23/4/2022,02:25,115499,"19,55"
23/4/2022,02:30,115799,"19,55"
23/4/2022,02:35,116099,"19,55"
23/4/2022,02:40,116399,"19,55"
23/4/2022,02:45,116699,"19,55"
23/4/2022,02:50,116999,"19,55"
23/4/2022,02:55,117299,"19,55"
23/4/2022,03:00,117599,"19,55"
23/4/2022,03:05,117899,"19,55"
23/4/2022,03:10,118199,"19,55"
23/4/2022,03:15,118499,"19,55"
23/4/2022,03:20,118799,"19,55"
23/4/2022,03:25,119099,"19,55"
23/4/2022,03:30,119399,"19,55"
23/4/2022,03:35,119699,"19,55"
23/4/2022,03:40,119998,"19,55"
23/4/2022,03:45,120298,"19,55"
23/4/2022,03:50,120598,"19,55"
23/4/2022,03:55,120898,"19,55"
23/4/2022,04:00,121198,"19,55"
23/4/2022,04:05,121498,"19,55"
23/4/2022,04:10,121798,"19,55"
23/4/2022,04:15,122098,"19,55"
23/4/2022,04:20,122398,"19,55"
23/4/2022,04:25,122698,"19,55"
23/4/2022,04:30,122998,"19,55"
23/4/2022,04:35,123298,"19,55"
23/4/2022,04:40,123598,"19,55"
23/4/2022,04:45,123898,"19,55"
23/4/2022,04:50,124198,"19,55"
23/4/2022,04:55,124498,"19,55"
23/4/2022,05:00,124798,"19,55"
23/4/2022,05:05,125098,"19,55"
23/4/2022,05:10,125398,"19,55"
23/4/2022,05:15,125698,"19,55"
23/4/2022,05:20,125998,"19,55"
23/4/2022,05:25,126298,"19,55"
23/4/2022,05:30,126598,"19,55"
23/4/2022,05:35,126898,"19,55"
23/4/2022,05:40,127198,"19,55"
23/4/2022,05:45,127498,"19,55"
23/4/2022,05:50,127798,"19,55"
23/4/2022,05:55,128098,"19,55"
23/4/2022,06:00,128398,"19,55"
23/4/2022,06:05,128698,"19,55"
23/4/2022,06:10,128998,"19,55"
23/4/2022,06:15,129298,"19,55"
23/4/2022,06:20,129598,"19,55"
23/4/2022,06:25,129898,"19,55"
23/4/2022,06:30,130198,"19,55"
23/4/2022,06:35,130498,"19,55"
23/4/2022,06:40,130798,"19,55"
23/4/2022,06:45,131098,"19,55"
23/4/2022,06:50,131398,"19,55"
23/4/2022,06:55,131698,"19,55"
23/4/2022,07:00,131998,"19,55"
23/4/2022,07:05,132298,"19,55"
23/4/2022,07:10,132598,"19,55"
23/4/2022,07:15,132898,"19,55"
23/4/2022,07:20,133198,"19,55"
23/4/2022,07:25,133498,"19,55"
23/4/2022,07:30,133798,"19,55"
23/4/2022,07:35,134098,"19,55"
23/4/2022,07:40,134398,"19,55"
23/4/2022,07:45,134698,"19,55"
23/4/2022,07:50,134998,"19,55"
23/4/2022,07:55,135298,"19,55"
23/4/2022,08:00,135598,"19,55"
23/4/2022,08:05,135898,"19,55"
23/4/2022,08:10,136198,"19,55"
23/4/2022,08:15,136498,"19,55"
23/4/2022,08:20,136798,"19,55"
23/4/2022,08:25,137098,"19,55"
23/4/2022,08:30,137398,"19,55"
23/4/2022,08:35,137698,"19,55"
23/4/2022,08:40,137998,"19,55"
23/4/2022,08:45,138298,"19,55"
23/4/2022,08:50,138598,"19,55"
23/4/2022,08:55,138898,"19,55"
23/4/2022,09:00,139198,"19,55"
23/4/2022,09:05,139498,"19,55"
23/4/2022,09:10,139798,"19,55"
23/4/2022,09:15,140098,"19,55"
23/4/2022,09:20,140398,"19,55"
23/4/2022,09:25,140698,"19,55"
23/4/2022,09:30,140998,"19,55"
23/4/2022,09:35,141298,"19,55"
23/4/2022,09:40,141598,"19,55"
23/4/2022,09:45,141898,"19,55"
23/4/2022,09:50,142198,"19,55"
23/4/2022,09:55,142498,"19,55"
23/4/2022,10:00,142798,"19,55"
23/4/2022,10:05,143098,"19,55"
23/4/2022,10:10,143398,"19,55"
23/4/2022,10:15,143698,"19,55"
23/4/2022,10:20,143998,"19,55"
23/4/2022,10:25,144298,"19,55"
23/4/2022,10:30,144598,"19,55"
23/4/2022,10:35,144898,"19,55"
23/4/2022,10:40,145198,"19,55"
23/4/2022,10:45,145498,"19,55"
23/4/2022,10:50,145798,"19,55"
23/4/2022,10:55,146098,"19,55"
23/4/2022,11:00,146398,"19,55"
23/4/2022,11:05,146698,"19,55"
23/4/2022,11:10,146998,"19,55"
23/4/2022,11:15,147298,"19,55"
23/4/2022,11:20,147598,"19,55"
23/4/2022,11:25,147898,"19,55"
23/4/2022,11:30,148198,"19,55"
23/4/2022,11:35,148498,"19,55"
23/4/2022,11:40,148798,"19,55"
23/4/2022,11:45,149098,"19,55"
23/4/2022,11:50,149398,"19,55"
23/4/2022,11:55,149698,"19,55"
23/4/2022,12:00,149998,"19,55"
23/4/2022,12:05,150298,"19,55"
23/4/2022,12:10,150598,"19,55"
23/4/2022,12:15,150898,"19,55"
23/4/2022,12:20,151198,"19,55"
23/4/2022,12:25,151498,"19,55"
23/4/2022,12:30,151798,"19,55"
23/4/2022,12:35,152098,"19,55"
23/4/2022,12:40,152398,"19,55"
23/4/2022,12:45,152698,"19,55"
23/4/2022,12:50,152998,"19,54"
23/4/2022,12:55,153298,"19,55"
23/4/2022,13:00,153598,"19,55"
23/4/2022,13:05,153898,"19,54"
23/4/2022,13:10,154198,"19,54"
23/4/2022,13:15,154498,"19,54"
23/4/2022,13:20,154798,"19,54"
23/4/2022,13:25,155098,"19,54"
23/4/2022,13:30,155398,"19,54"
23/4/2022,13:35,155698,"19,54"
23/4/2022,13:40,155998,"19,54"
23/4/2022,13:45,156298,"19,54"
23/4/2022,13:50,156598,"19,54"
23/4/2022,13:55,156898,"19,54"
23/4/2022,14:00,157198,"19,54"
23/4/2022,14:05,157498,"19,54"
23/4/2022,14:10,157798,"19,54"
23/4/2022,14:15,158098,"19,54"
23/4/2022,14:20,158398,"19,54"
23/4/2022,14:25,158698,"19,54"
23/4/2022,14:30,158998,"19,54"
23/4/2022,14:35,159298,"19,54"
23/4/2022,14:40,159598,"19,54"
23/4/2022,14:45,159898,"19,54"
23/4/2022,14:50,160198,"19,54"
23/4/2022,14:55,160498,"19,54"
23/4/2022,15:00,160798,"19,54"
23/4/2022,15:05,161098,"19,54"
23/4/2022,15:10,161398,"19,54"
23/4/2022,15:15,161698,"19,54"
23/4/2022,15:20,161998,"19,54"
23/4/2022,15:25,162298,"19,54"
23/4/2022,15:30,162598,"19,54"
23/4/2022,15:35,162898,"19,54"
23/4/2022,15:40,163198,"19,54"
23/4/2022,15:45,163498,"19,54"
23/4/2022,15:50,163798,"19,54"
23/4/2022,15:55,164098,"19,54"
23/4/2022,16:00,164398,"19,54"
23/4/2022,16:05,164698,"19,54"
23/4/2022,16:10,164998,"19,54"
23/4/2022,16:15,165298,"19,54"
23/4/2022,16:20,165598,"19,54"
23/4/2022,16:25,165898,"19,54"
23/4/2022,16:30,166198,"19,54"
23/4/2022,16:35,166498,"19,54"
23/4/2022,16:40,166798,"19,54"
23/4/2022,16:45,167098,"19,54"
23/4/2022,16:50,167398,"19,54"
23/4/2022,16:55,167698,"19,54"
23/4/2022,17:00,167998,"19,54"
23/4/2022,17:05,168298,"19,54"
23/4/2022,17:10,168598,"19,54"
23/4/2022,17:15,168898,"19,54"
23/4/2022,17:20,169198,"19,54"
23/4/2022,17:25,169498,"19,54"
23/4/2022,17:30,169798,"19,54"
23/4/2022,17:35,170098,"19,54"
23/4/2022,17:40,170398,"19,54"
23/4/2022,17:45,170698,"19,54"
23/4/2022,17:50,170998,"19,54"
23/4/2022,17:55,171298,"19,54"
23/4/2022,18:00,171598,"19,54"
23/4/2022,18:05,171898,"19,54"
23/4/2022,18:10,172198,"19,54"
23/4/2022,18:15,172498,"19,54"
23/4/2022,18:20,172798,"19,54"
23/4/2022,18:25,173098,"19,54"
23/4/2022,18:30,173398,"19,54"
23/4/2022,18:35,173698,"19,54"
23/4/2022,18:40,173998,"19,54"
23/4/2022,18:45,174298,"19,54"
23/4/2022,18:50,174598,"19,54"
23/4/2022,18:55,174898,"19,54"
23/4/2022,19:00,175198,"19,54"
23/4/2022,19:05,175498,"19,54"
23/4/2022,19:10,175798,"19,54"
23/4/2022,19:15,176098,"19,54"
23/4/2022,19:20,176398,"19,54"
23/4/2022,19:25,176698,"19,54"
23/4/2022,19:30,176998,"19,54"
23/4/2022,19:35,177298,"19,54"
23/4/2022,19:40,177598,"19,54"
23/4/2022,19:45,177898,"19,54"
23/4/2022,19:50,178198,"19,54"
23/4/2022,19:55,178498,"19,54"
23/4/2022,20:00,178798,"19,54"
23/4/2022,20:05,179098,"19,54"
23/4/2022,20:10,179398,"19,53"
23/4/2022,20:15,179698,"19,54"
23/4/2022,20:20,179998,"19,54"
23/4/2022,20:25,180298,"19,54"
23/4/2022,20:30,180598,"19,53"
23/4/2022,20:35,180898,"19,53"
23/4/2022,20:40,181198,"19,53"
23/4/2022,20:45,181498,"19,53"
23/4/2022,20:50,181798,"19,53"
23/4/2022,20:55,182098,"19,53"
23/4/2022,21:00,182398,"19,53"
23/4/2022,21:05,182698,"19,53"
23/4/2022,21:10,182998,"19,53"
23/4/2022,21:15,183298,"19,53"
23/4/2022,21:20,183598,"19,53"
23/4/2022,21:25,183898,"19,53"
23/4/2022,21:30,184198,"19,53"
23/4/2022,21:35,184498,"19,53"
23/4/2022,21:40,184798,"19,53"
23/4/2022,21:45,185098,"19,53"
23/4/2022,21:50,185398,"19,53"
23/4/2022,21:55,185698,"19,53"
23/4/2022,22:00,185998,"19,53"
23/4/2022,22:05,186298,"19,53"
23/4/2022,22:10,186598,"19,53"
23/4/2022,22:15,186898,"19,53"
23/4/2022,22:20,187198,"19,53"
23/4/2022,22:25,187498,"19,53"
23/4/2022,22:30,187798,"19,53"
23/4/2022,22:35,188098,"19,53"
23/4/2022,22:40,188398,"19,53"
23/4/2022,22:45,188698,"19,53"
23/4/2022,22:50,188998,"19,53"
23/4/2022,22:55,189298,"19,53"
23/4/2022,23:00,189598,"19,53"
23/4/2022,23:05,189898,"19,53"
23/4/2022,23:10,190198,"19,53"
23/4/2022,23:15,190498,"19,53"
23/4/2022,23:20,190798,"19,53"
23/4/2022,23:25,191098,"19,53"
23/4/2022,23:30,191398,"19,53"
23/4/2022,23:35,191698,"19,53"
23/4/2022,23:40,191998,"19,53"
23/4/2022,23:45,192298,"19,53"
23/4/2022,23:50,192598,"19,53"
23/4/2022,23:55,192898,"19,53"
24/4/2022,00:00,193198,"19,53"
24/4/2022,00:05,193498,"19,53"
24/4/2022,00:10,193798,"19,53"
24/4/2022,00:15,194098,"19,53"
24/4/2022,00:20,194398,"19,53"
24/4/2022,00:25,194698,"19,53"
24/4/2022,00:30,194998,"19,53"
24/4/2022,00:35,195298,"19,53"
24/4/2022,00:40,195598,"19,53"
24/4/2022,00:45,195898,"19,53"
24/4/2022,00:50,196198,"19,53"
24/4/2022,00:55,196498,"19,53"
24/4/2022,01:00,196798,"19,53"
24/4/2022,01:05,197098,"19,53"
24/4/2022,01:10,197398,"19,53"
24/4/2022,01:15,197698,"19,53"
24/4/2022,01:20,197998,"19,53"
24/4/2022,01:25,198298,"19,53"
24/4/2022,01:30,198597,"19,53"
24/4/2022,01:35,198897,"19,53"
24/4/2022,01:40,199197,"19,53"
24/4/2022,01:45,199497,"19,53"
24/4/2022,01:50,199797,"19,53"
24/4/2022,01:55,200097,"19,53"
24/4/2022,02:00,200397,"19,53"
24/4/2022,02:05,200697,"19,53"
24/4/2022,02:10,200997,"19,53"
24/4/2022,02:15,201297,"19,53"
24/4/2022,02:20,201597,"19,53"
24/4/2022,02:25,201897,"19,53"
24/4/2022,02:30,202197,"19,53"
24/4/2022,02:35,202497,"19,53"
24/4/2022,02:40,202797,"19,53"
24/4/2022,02:45,203097,"19,53"
24/4/2022,02:50,203397,"19,53"
24/4/2022,02:55,203697,"19,53"
24/4/2022,03:00,203997,"19,53"
24/4/2022,03:05,204297,"19,53"
24/4/2022,03:10,204597,"19,53"
24/4/2022,03:15,204897,"19,53"
24/4/2022,03:20,205197,"19,53"
24/4/2022,03:25,205497,"19,53"
24/4/2022,03:30,205797,"19,53"
24/4/2022,03:35,206097,"19,53"
24/4/2022,03:40,206397,"19,53"
24/4/2022,03:45,206697,"19,53"
24/4/2022,03:50,206997,"19,53"
24/4/2022,03:55,207297,"19,53"
24/4/2022,04:00,207597,"19,53"
24/4/2022,04:05,207897,"19,53"
24/4/2022,04:10,208197,"19,53"
24/4/2022,04:15,208497,"19,53"
24/4/2022,04:20,208797,"19,53"
24/4/2022,04:25,209097,"19,53"
24/4/2022,04:30,209397,"19,53"
24/4/2022,04:35,209697,"19,53"
24/4/2022,04:40,209997,"19,53"
24/4/2022,04:45,210297,"19,53"
24/4/2022,04:50,210597,"19,53"
24/4/2022,04:55,210897,"19,53"
24/4/2022,05:00,211197,"19,53"
24/4/2022,05:05,211497,"19,53"
24/4/2022,05:10,211797,"19,53"
24/4/2022,05:15,212097,"19,53"
24/4/2022,05:20,212397,"19,53"
24/4/2022,05:25,212697,"19,53"
24/4/2022,05:30,212997,"19,53"
24/4/2022,05:35,213297,"19,53"
24/4/2022,05:40,213597,"19,53"
24/4/2022,05:45,213897,"19,53"
24/4/2022,05:50,214197,"19,53"
24/4/2022,05:55,214497,"19,53"
24/4/2022,06:00,214797,"19,53"
24/4/2022,06:05,215097,"19,53"
24/4/2022,06:10,215397,"19,53"
24/4/2022,06:15,215697,"19,53"
24/4/2022,06:20,215997,"19,53"
24/4/2022,06:25,216297,"19,53"
24/4/2022,06:30,216597,"19,53"
24/4/2022,06:35,216897,"19,53"
24/4/2022,06:40,217197,"19,53"
24/4/2022,06:45,217497,"19,53"
24/4/2022,06:50,217797,"19,53"
24/4/2022,06:55,218097,"19,53"
24/4/2022,07:00,218397,"19,53"
24/4/2022,07:05,218697,"19,53"
24/4/2022,07:10,218997,"19,53"
24/4/2022,07:15,219297,"19,53"
24/4/2022,07:20,219597,"19,53"
24/4/2022,07:25,219897,"19,53"
24/4/2022,07:30,220197,"19,53"
24/4/2022,07:35,220497,"19,53"
24/4/2022,07:40,220797,"19,53"
24/4/2022,07:45,221097,"19,53"
24/4/2022,07:50,221397,"19,53"
24/4/2022,07:55,221697,"19,53"
24/4/2022,08:00,221997,"19,53"
24/4/2022,08:05,222297,"19,53"
24/4/2022,08:10,222597,"19,53"
24/4/2022,08:15,222897,"19,53"
24/4/2022,08:20,223197,"19,53"
24/4/2022,08:25,223497,"19,53"
24/4/2022,08:30,223797,"19,53"
24/4/2022,08:35,224097,"19,53"
24/4/2022,08:40,224397,"19,53"
24/4/2022,08:45,224697,"19,53"
24/4/2022,08:50,224997,"19,53"
24/4/2022,08:55,225297,"19,53"
24/4/2022,09:00,225597,"19,53"
24/4/2022,09:05,225897,"19,53"
24/4/2022,09:10,226197,"19,53"
24/4/2022,09:15,226497,"19,53"
24/4/2022,09:20,226797,"19,53"
24/4/2022,09:25,227097,"19,53"
24/4/2022,09:30,227397,"19,53"
24/4/2022,09:35,227697,"19,53"
24/4/2022,09:40,227997,"19,53"
24/4/2022,09:45,228297,"19,53"
24/4/2022,09:50,228597,"19,53"
24/4/2022,09:55,228897,"19,53"
24/4/2022,10:00,229197,"19,53"
24/4/2022,10:05,229497,"19,53"
24/4/2022,10:10,229797,"19,53"
24/4/2022,10:15,230097,"19,53"
24/4/2022,10:20,230397,"19,53"
24/4/2022,10:25,230697,"19,53"
24/4/2022,10:30,230997,"19,53"
24/4/2022,10:35,231297,"19,53"
24/4/2022,10:40,231597,"19,53"
24/4/2022,10:45,231897,"19,53"
24/4/2022,10:50,232197,"19,53"
24/4/2022,10:55,232497,"19,53"
24/4/2022,11:00,232797,"19,53"
24/4/2022,11:05,233097,"19,53"
24/4/2022,11:10,233397,"19,53"
24/4/2022,11:15,233697,"19,53"
24/4/2022,11:20,233997,"19,53"
24/4/2022,11:25,234297,"19,53"
24/4/2022,11:30,234597,"19,53"
24/4/2022,11:35,234897,"19,53"
24/4/2022,11:40,235197,"19,53"
24/4/2022,11:45,235497,"19,53"
24/4/2022,11:50,235797,"19,53"
24/4/2022,11:55,236097,"19,53"
24/4/2022,12:00,236397,"19,52"
24/4/2022,12:05,236697,"19,52"
24/4/2022,12:10,236997,"19,53"
24/4/2022,12:15,237297,"19,52"
24/4/2022,12:20,237597,"19,52"
24/4/2022,12:25,237897,"19,52"
24/4/2022,12:30,238197,"19,52"
24/4/2022,12:35,238497,"19,52"
24/4/2022,12:40,238797,"19,52"
24/4/2022,12:45,239097,"19,52"
24/4/2022,12:50,239397,"19,52"
24/4/2022,12:55,239697,"19,52"
24/4/2022,13:00,239997,"19,52"
24/4/2022,13:05,240297,"19,52"
24/4/2022,13:10,240597,"19,52"
24/4/2022,13:15,240897,"19,52"
24/4/2022,13:20,241197,"19,52"
24/4/2022,13:25,241497,"19,52"
24/4/2022,13:30,241797,"19,52"
24/4/2022,13:35,242097,"19,52"
24/4/2022,13:40,242397,"19,52"
24/4/2022,13:45,242697,"19,52"
24/4/2022,13:50,242997,"19,52"
24/4/2022,13:55,243297,"19,52"
24/4/2022,14:00,243597,"19,52"
24/4/2022,14:05,243897,"19,52"
24/4/2022,14:10,244197,"19,52"
24/4/2022,14:15,244497,"19,52"
24/4/2022,14:20,244797,"19,52"
24/4/2022,14:25,245097,"19,52"
24/4/2022,14:30,245397,"19,52"
24/4/2022,14:35,245697,"19,52"
24/4/2022,14:40,245997,"19,52"
24/4/2022,14:45,246297,"19,52"
24/4/2022,14:50,246597,"19,52"
24/4/2022,14:55,246897,"19,52"
24/4/2022,15:00,247197,"19,52"
24/4/2022,15:05,247497,"19,52"
24/4/2022,15:10,247797,"19,52"
24/4/2022,15:15,248097,"19,52"
24/4/2022,15:20,248397,"19,52"
24/4/2022,15:25,248697,"19,52"
24/4/2022,15:30,248997,"19,52"
24/4/2022,15:35,249297,"19,52"
24/4/2022,15:40,249597,"19,52"
24/4/2022,15:45,249897,"19,52"
24/4/2022,15:50,250197,"19,52"
24/4/2022,15:55,250497,"19,52"
24/4/2022,16:00,250797,"19,52"
24/4/2022,16:05,251097,"19,52"
24/4/2022,16:10,251397,"19,52"
24/4/2022,16:15,251697,"19,52"
24/4/2022,16:20,251997,"19,52"
24/4/2022,16:25,252297,"19,52"
24/4/2022,16:30,252597,"19,52"
24/4/2022,16:35,252897,"19,52"
24/4/2022,16:40,253197,"19,52"
24/4/2022,16:45,253497,"19,52"
24/4/2022,16:50,253797,"19,52"
24/4/2022,16:55,254097,"19,52"
24/4/2022,17:00,254397,"19,52"
24/4/2022,17:05,254697,"19,52"
24/4/2022,17:10,254997,"19,52"
24/4/2022,17:15,255297,"19,52"
24/4/2022,17:20,255597,"19,52"
24/4/2022,17:25,255897,"19,52"
24/4/2022,17:30,256197,"19,52"
24/4/2022,17:35,256497,"19,52"
24/4/2022,17:40,256797,"19,51"
24/4/2022,17:45,257097,"19,51"
24/4/2022,17:50,257397,"19,52"
24/4/2022,17:55,257697,"19,51"
24/4/2022,18:00,257997,"19,51"
24/4/2022,18:05,258297,"19,51"
24/4/2022,18:10,258597,"19,51"
24/4/2022,18:15,258897,"19,51"
24/4/2022,18:20,259197,"19,51"
24/4/2022,18:25,259497,"19,51"
24/4/2022,18:30,259797,"19,51"
24/4/2022,18:35,260097,"19,52"
24/4/2022,18:40,260397,"19,52"
24/4/2022,18:45,260697,"19,52"
24/4/2022,18:50,260997,"19,51"
24/4/2022,18:55,261297,"19,51"
24/4/2022,19:00,261597,"19,51"
24/4/2022,19:05,261897,"19,51"
24/4/2022,19:10,262197,"19,51"
24/4/2022,19:15,262497,"19,51"
24/4/2022,19:20,262797,"19,51"
24/4/2022,19:25,263097,"19,51"
24/4/2022,19:30,263397,"19,51"
24/4/2022,19:35,263697,"19,51"
24/4/2022,19:40,263997,"19,51"
24/4/2022,19:45,264297,"19,51"
24/4/2022,19:50,264597,"19,51"
24/4/2022,19:55,264897,"19,51"
24/4/2022,20:00,265197,"19,51"
24/4/2022,20:05,265497,"19,51"
24/4/2022,20:10,265797,"19,51"
24/4/2022,20:15,266097,"19,51"
24/4/2022,20:20,266397,"19,51"
24/4/2022,20:25,266697,"19,51"
24/4/2022,20:30,266997,"19,51"
24/4/2022,20:35,267297,"19,51"
24/4/2022,20:40,267597,"19,51"
24/4/2022,20:45,267897,"19,51"
24/4/2022,20:50,268197,"19,51"
24/4/2022,20:55,268497,"19,51"
24/4/2022,21:00,268797,"19,51"
24/4/2022,21:05,269097,"19,51"
24/4/2022,21:10,269397,"19,51"
24/4/2022,21:15,269697,"19,51"
24/4/2022,21:20,269997,"19,51"
24/4/2022,21:25,270297,"19,51"
24/4/2022,21:30,270597,"19,51"
24/4/2022,21:35,270897,"19,51"
24/4/2022,21:40,271197,"19,51"
24/4/2022,21:45,271497,"19,51"
24/4/2022,21:50,271797,"19,51"
24/4/2022,21:55,272097,"19,51"
24/4/2022,22:00,272397,"19,51"
24/4/2022,22:05,272697,"19,51"
24/4/2022,22:10,272997,"19,51"
24/4/2022,22:15,273297,"19,51"
24/4/2022,22:20,273597,"19,51"
24/4/2022,22:25,273897,"19,51"
24/4/2022,22:30,274197,"19,51"
24/4/2022,22:35,274497,"19,51"
24/4/2022,22:40,274797,"19,51"
24/4/2022,22:45,275097,"19,51"
24/4/2022,22:50,275397,"19,51"
24/4/2022,22:55,275697,"19,51"
24/4/2022,23:00,275997,"19,51"
24/4/2022,23:05,276297,"19,51"
24/4/2022,23:10,276597,"19,51"
24/4/2022,23:15,276896,"19,51"
24/4/2022,23:20,277196,"19,51"
24/4/2022,23:25,277496,"19,51"
24/4/2022,23:30,277796,"19,51"
24/4/2022,23:35,278096,"19,51"
24/4/2022,23:40,278396,"19,51"
24/4/2022,23:45,278696,"19,51"
24/4/2022,23:50,278996,"19,51"
24/4/2022,23:55,279296,"19,51"
25/4/2022,00:00,279596,"19,51"
25/4/2022,00:05,279896,"19,51"
25/4/2022,00:10,280196,"19,51"
25/4/2022,00:15,280496,"19,51"
25/4/2022,00:20,280796,"19,51"
25/4/2022,00:25,281096,"19,51"
25/4/2022,00:30,281396,"19,51"
25/4/2022,00:35,281696,"19,51"
25/4/2022,00:40,281996,"19,51"
25/4/2022,00:45,282296,"19,51"
25/4/2022,00:50,282596,"19,51"
25/4/2022,00:55,282896,"19,51"
25/4/2022,01:00,283196,"19,51"
25/4/2022,01:05,283496,"19,51"
25/4/2022,01:10,283796,"19,51"
25/4/2022,01:15,284096,"19,51"
25/4/2022,01:20,284396,"19,51"
25/4/2022,01:25,284696,"19,51"
25/4/2022,01:30,284996,"19,51"
25/4/2022,01:35,285296,"19,51"
25/4/2022,01:40,285596,"19,51"
25/4/2022,01:45,285896,"19,51"
25/4/2022,01:50,286196,"19,51"
25/4/2022,01:55,286496,"19,51"
25/4/2022,02:00,286796,"19,51"
25/4/2022,02:05,287096,"19,51"
25/4/2022,02:10,287396,"19,51"
25/4/2022,02:15,287696,"19,51"
25/4/2022,02:20,287996,"19,51"
25/4/2022,02:25,288296,"19,51"
25/4/2022,02:30,288596,"19,51"
25/4/2022,02:35,288896,"19,51"
25/4/2022,02:40,289196,"19,51"
25/4/2022,02:45,289496,"19,51"
25/4/2022,02:50,289796,"19,51"
25/4/2022,02:55,290096,"19,51"
25/4/2022,03:00,290396,"19,51"
25/4/2022,03:05,290696,"19,51"
25/4/2022,03:10,290996,"19,51"
25/4/2022,03:15,291296,"19,51"
25/4/2022,03:20,291596,"19,51"
25/4/2022,03:25,291896,"19,51"
25/4/2022,03:30,292196,"19,51"
25/4/2022,03:35,292496,"19,51"
25/4/2022,03:40,292796,"19,51"
25/4/2022,03:45,293096,"19,51"
25/4/2022,03:50,293396,"19,51"
25/4/2022,03:55,293696,"19,51"
25/4/2022,04:00,293996,"19,51"
25/4/2022,04:05,294296,"19,51"
25/4/2022,04:10,294596,"19,51"
25/4/2022,04:15,294896,"19,51"
25/4/2022,04:20,295196,"19,51"
25/4/2022,04:25,295496,"19,51"
25/4/2022,04:30,295796,"19,51"
25/4/2022,04:35,296096,"19,51"
25/4/2022,04:40,296396,"19,5"
25/4/2022,04:45,296696,"19,51"
25/4/2022,04:50,296996,"19,51"
25/4/2022,04:55,297296,"19,5"
25/4/2022,05:00,297596,"19,5"
25/4/2022,05:05,297896,"19,51"
25/4/2022,05:10,298196,"19,5"
25/4/2022,05:15,298496,"19,5"
25/4/2022,05:20,298796,"19,5"
25/4/2022,05:25,299096,"19,5"
25/4/2022,05:30,299396,"19,5"
25/4/2022,05:35,299696,"19,5"
25/4/2022,05:40,299996,"19,5"
25/4/2022,05:45,300296,"19,5"
25/4/2022,05:50,300596,"19,5"
25/4/2022,05:55,300896,"19,5"
25/4/2022,06:00,301196,"19,5"
25/4/2022,06:05,301496,"19,5"
25/4/2022,06:10,301796,"19,5"
25/4/2022,06:15,302096,"19,5"
25/4/2022,06:20,302396,"19,5"
25/4/2022,06:25,302696,"19,5"
25/4/2022,06:30,302996,"19,5"
25/4/2022,06:35,303296,"19,5"
25/4/2022,06:40,303596,"19,5"
25/4/2022,06:45,303896,"19,5"
25/4/2022,06:50,304196,"19,5"
25/4/2022,06:55,304496,"19,5"
25/4/2022,07:00,304796,"19,5"
25/4/2022,07:05,305096,"19,5"
25/4/2022,07:10,305396,"19,5"
25/4/2022,07:15,305696,"19,5"
25/4/2022,07:20,305996,"19,5"
25/4/2022,07:25,306296,"19,5"
25/4/2022,07:30,306596,"19,5"
25/4/2022,07:35,306896,"19,5"
25/4/2022,07:40,307196,"19,5"
25/4/2022,07:45,307496,"19,5"
25/4/2022,07:50,307796,"19,5"
25/4/2022,07:55,308096,"19,5"
25/4/2022,08:00,308396,"19,5"
25/4/2022,08:05,308696,"19,5"
25/4/2022,08:10,308996,"19,5"
25/4/2022,08:15,309296,"19,5"
25/4/2022,08:20,309596,"19,5"
25/4/2022,08:25,309896,"19,5"
25/4/2022,08:30,310196,"19,5"
25/4/2022,08:35,310496,"19,5"
25/4/2022,08:40,310796,"19,5"
25/4/2022,08:45,311096,"19,5"
25/4/2022,08:50,311396,"19,5"
25/4/2022,08:55,311696,"19,5"
25/4/2022,09:00,311996,"19,5"
25/4/2022,09:05,312296,"19,5"
25/4/2022,09:10,312596,"19,5"
25/4/2022,09:15,312896,"19,5"
25/4/2022,09:20,313196,"19,5"
25/4/2022,09:25,313496,"19,5"
25/4/2022,09:30,313796,"19,5"
25/4/2022,09:35,314096,"19,5"
25/4/2022,09:40,314396,"19,5"
25/4/2022,09:45,314696,"19,5"
25/4/2022,09:50,314996,"19,5"
25/4/2022,09:55,315296,"19,5"
25/4/2022,10:00,315596,"19,5"
25/4/2022,10:05,315896,"19,5"
25/4/2022,10:10,316196,"19,5"
25/4/2022,10:15,316496,"19,5"
25/4/2022,10:20,316796,"19,5"
25/4/2022,10:25,317096,"19,5"
25/4/2022,10:30,317396,"19,5"
25/4/2022,10:35,317696,"19,5"
25/4/2022,10:40,317996,"19,5"
25/4/2022,10:45,318296,"19,5"
25/4/2022,10:50,318596,"19,5"
25/4/2022,10:55,318896,"19,5"
25/4/2022,11:00,319196,"19,5"
25/4/2022,11:05,319496,"19,5"
25/4/2022,11:10,319796,"19,5"
25/4/2022,11:15,320096,"19,5"
25/4/2022,11:20,320396,"19,5"
25/4/2022,11:25,320696,"19,5"
25/4/2022,11:30,320996,"19,5"
25/4/2022,11:35,321296,"19,5"
25/4/2022,11:40,321596,"19,5"
25/4/2022,11:45,321896,"19,5"
25/4/2022,11:50,322196,"19,5"
25/4/2022,11:55,322496,"19,5"
25/4/2022,12:00,322796,"19,5"
25/4/2022,12:05,323096,"19,5"
25/4/2022,12:10,323396,"19,5"
25/4/2022,12:15,323696,"19,5"
25/4/2022,12:20,323996,"19,5"
25/4/2022,12:25,324296,"19,5"
25/4/2022,12:30,324596,"19,5"
25/4/2022,12:35,324896,"19,5"
25/4/2022,12:40,325196,"19,5"
25/4/2022,12:45,325496,"19,5"
25/4/2022,12:50,325796,"19,5"
25/4/2022,12:55,326096,"19,5"
25/4/2022,13:00,326396,"19,5"
25/4/2022,13:05,326696,"19,5"
25/4/2022,13:10,326996,"19,49"
25/4/2022,13:15,327296,"19,5"
25/4/2022,13:20,327596,"19,49"
25/4/2022,13:25,327896,"19,49"
25/4/2022,13:30,328196,"19,49"
25/4/2022,13:35,328496,"19,49"
25/4/2022,13:40,328796,"19,49"
25/4/2022,13:45,329096,"19,49"
25/4/2022,13:50,329396,"19,49"
25/4/2022,13:55,329696,"19,49"
25/4/2022,14:00,329996,"19,49"
25/4/2022,14:05,330296,"19,49"
25/4/2022,14:10,330596,"19,49"
25/4/2022,14:15,330896,"19,49"
25/4/2022,14:20,331196,"19,49"
25/4/2022,14:25,331496,"19,49"
25/4/2022,14:30,331796,"19,49"
25/4/2022,14:35,332096,"19,49"
25/4/2022,14:40,332396,"19,49"
25/4/2022,14:45,332696,"19,49"
25/4/2022,14:50,332996,"19,49"
25/4/2022,14:55,333296,"19,49"
25/4/2022,15:00,333596,"19,49"
25/4/2022,15:05,333896,"19,49"
25/4/2022,15:10,334196,"19,49"
25/4/2022,15:15,334496,"19,49"
25/4/2022,15:20,334796,"19,49"
25/4/2022,15:25,335096,"19,49"
25/4/2022,15:30,335396,"19,49"
25/4/2022,15:35,335696,"19,49"
25/4/2022,15:40,335996,"19,49"
25/4/2022,15:45,336296,"19,49"
25/4/2022,15:50,336596,"19,49"
25/4/2022,15:55,336896,"19,49"
25/4/2022,16:00,337196,"19,49"
25/4/2022,16:05,337496,"19,49"
25/4/2022,16:10,337796,"19,49"
25/4/2022,16:15,338096,"19,49"
25/4/2022,16:20,338396,"19,49"
25/4/2022,16:25,338696,"19,49"
25/4/2022,16:30,338996,"19,49"
25/4/2022,16:35,339296,"19,49"
25/4/2022,16:40,339596,"19,49"
25/4/2022,16:45,339896,"19,49"
25/4/2022,16:50,340196,"19,49"
25/4/2022,16:55,340496,"19,49"
25/4/2022,17:00,340796,"19,49"
25/4/2022,17:05,341096,"19,49"
25/4/2022,17:10,341396,"19,49"
25/4/2022,17:15,341696,"19,49"
25/4/2022,17:20,341996,"19,49"
25/4/2022,17:25,342296,"19,49"
25/4/2022,17:30,342596,"19,49"
25/4/2022,17:35,342896,"19,49"
25/4/2022,17:40,343196,"19,49"
25/4/2022,17:45,343496,"19,49"
25/4/2022,17:50,343796,"19,49"
25/4/2022,17:55,344096,"19,49"
25/4/2022,18:00,344396,"19,49"
25/4/2022,18:05,344696,"19,49"
25/4/2022,18:10,344996,"19,49"
25/4/2022,18:15,345296,"19,49"
25/4/2022,18:20,345596,"19,49"
25/4/2022,18:25,345896,"19,49"
25/4/2022,18:30,346196,"19,49"
25/4/2022,18:35,346496,"19,49"
25/4/2022,18:40,346796,"19,49"
25/4/2022,18:45,347096,"19,49"
25/4/2022,18:50,347396,"19,49"
25/4/2022,18:55,347696,"19,49"
25/4/2022,19:00,347996,"19,49"
25/4/2022,19:05,348296,"19,49"
25/4/2022,19:10,348596,"19,49"
25/4/2022,19:15,348896,"19,49"
25/4/2022,19:20,349196,"19,49"
25/4/2022,19:25,349496,"19,49"
25/4/2022,19:30,349796,"19,49"
25/4/2022,19:35,350096,"19,49"
25/4/2022,19:40,350396,"19,49"
25/4/2022,19:45,350696,"19,49"
25/4/2022,19:50,350996,"19,49"
25/4/2022,19:55,351296,"19,49"
25/4/2022,20:00,351596,"19,49"
25/4/2022,20:05,351896,"19,49"
25/4/2022,20:10,352196,"19,49"
25/4/2022,20:15,352496,"19,49"
25/4/2022,20:20,352796,"19,49"
25/4/2022,20:25,353096,"19,49"
25/4/2022,20:30,353396,"19,49"
25/4/2022,20:35,353696,"19,49"
25/4/2022,20:40,353996,"19,49"
25/4/2022,20:45,354295,"19,49"
25/4/2022,20:50,354595,"19,49"
25/4/2022,20:55,354895,"19,49"
25/4/2022,21:00,355195,"19,49"
25/4/2022,21:05,355495,"19,49"
25/4/2022,21:10,355795,"19,49"
25/4/2022,21:15,356095,"19,49"
25/4/2022,21:20,356395,"19,49"
25/4/2022,21:25,356695,"19,49"
25/4/2022,21:30,356995,"19,49"
25/4/2022,21:35,357295,"19,49"
25/4/2022,21:40,357595,"19,49"
25/4/2022,21:45,357895,"19,49"
25/4/2022,21:50,358195,"19,49"
25/4/2022,21:55,358495,"19,49"
25/4/2022,22:00,358795,"19,49"
25/4/2022,22:05,359095,"19,49"
25/4/2022,22:10,359395,"19,49"
25/4/2022,22:15,359695,"19,49"
25/4/2022,22:20,359995,"19,49"
25/4/2022,22:25,360295,"19,49"
25/4/2022,22:30,360595,"19,49"
25/4/2022,22:35,360895,"19,49"
25/4/2022,22:40,361195,"19,49"
25/4/2022,22:45,361495,"19,49"
25/4/2022,22:50,361795,"19,49"
25/4/2022,22:55,362095,"19,49"
25/4/2022,23:00,362395,"19,49"
25/4/2022,23:05,362695,"19,49"
25/4/2022,23:10,362995,"19,49"
25/4/2022,23:15,363295,"19,49"
25/4/2022,23:20,363595,"19,48"
25/4/2022,23:25,363895,"19,49"
25/4/2022,23:30,364195,"19,49"
25/4/2022,23:35,364495,"19,48"
25/4/2022,23:40,364795,"19,48"
25/4/2022,23:45,365095,"19,49"
25/4/2022,23:50,365395,"19,48"
25/4/2022,23:55,365695,"19,48"
26/4/2022,00:00,365995,"19,48"
26/4/2022,00:05,366295,"19,48"
26/4/2022,00:10,366595,"19,48"
26/4/2022,00:15,366895,"19,48"
26/4/2022,00:20,367195,"19,48"
26/4/2022,00:25,367495,"19,48"
26/4/2022,00:30,367795,"19,48"
26/4/2022,00:35,368095,"19,48"
26/4/2022,00:40,368395,"19,48"
26/4/2022,00:45,368695,"19,48"
26/4/2022,00:50,368995,"19,48"
26/4/2022,00:55,369295,"19,48"
26/4/2022,01:00,369595,"19,48"
26/4/2022,01:05,369895,"19,48"
26/4/2022,01:10,370195,"19,48"
26/4/2022,01:15,370495,"19,48"
26/4/2022,01:20,370795,"19,48"
26/4/2022,01:25,371095,"19,48"
26/4/2022,01:30,371395,"19,48"
26/4/2022,01:35,371695,"19,48"
26/4/2022,01:40,371995,"19,48"
26/4/2022,01:45,372295,"19,48"
26/4/2022,01:50,372595,"19,48"
26/4/2022,01:55,372895,"19,48"
26/4/2022,02:00,373195,"19,48"
26/4/2022,02:05,373495,"19,48"
26/4/2022,02:10,373795,"19,48"
26/4/2022,02:15,374095,"19,48"
26/4/2022,02:20,374395,"19,48"
26/4/2022,02:25,374695,"19,48"
26/4/2022,02:30,374995,"19,48"
26/4/2022,02:35,375295,"19,48"
26/4/2022,02:40,375595,"19,48"
26/4/2022,02:45,375895,"19,48"
26/4/2022,02:50,376195,"19,48"
26/4/2022,02:55,376495,"19,48"
26/4/2022,03:00,376795,"19,48"
26/4/2022,03:05,377095,"19,48"
26/4/2022,03:10,377395,"19,48"
26/4/2022,03:15,377695,"19,48"
26/4/2022,03:20,377995,"19,48"
26/4/2022,03:25,378295,"19,48"
26/4/2022,03:30,378595,"19,48"
26/4/2022,03:35,378895,"19,48"
26/4/2022,03:40,379195,"19,48"
26/4/2022,03:45,379495,"19,48"
26/4/2022,03:50,379795,"19,48"
26/4/2022,03:55,380095,"19,48"
26/4/2022,04:00,380395,"19,48"
26/4/2022,04:05,380695,"19,48"
26/4/2022,04:10,380995,"19,48"
26/4/2022,04:15,381295,"19,48"
26/4/2022,04:20,381595,"19,48"
26/4/2022,04:25,381895,"19,48"
26/4/2022,04:30,382195,"19,48"
26/4/2022,04:35,382495,"19,48"
26/4/2022,04:40,382795,"19,48"
26/4/2022,04:45,383095,"19,48"
26/4/2022,04:50,383395,"19,48"
26/4/2022,04:55,383695,"19,48"
26/4/2022,05:00,383995,"19,48"
26/4/2022,05:05,384295,"19,48"
26/4/2022,05:10,384595,"19,48"
26/4/2022,05:15,384895,"19,48"
26/4/2022,05:20,385195,"19,48"
26/4/2022,05:25,385495,"19,48"
26/4/2022,05:30,385795,"19,48"
26/4/2022,05:35,386095,"19,48"
26/4/2022,05:40,386395,"19,48"
26/4/2022,05:45,386695,"19,48"
26/4/2022,05:50,386995,"19,48"
26/4/2022,05:55,387295,"19,48"
26/4/2022,06:00,387595,"19,48"
26/4/2022,06:05,387895,"19,48"
26/4/2022,06:10,388195,"19,48"
26/4/2022,06:15,388495,"19,48"
26/4/2022,06:20,388795,"19,48"
26/4/2022,06:25,389095,"19,48"
26/4/2022,06:30,389395,"19,48"
26/4/2022,06:35,389695,"19,48"
26/4/2022,06:40,389995,"19,48"
26/4/2022,06:45,390295,"19,48"
26/4/2022,06:50,390595,"19,48"
26/4/2022,06:55,390895,"19,48"
26/4/2022,07:00,391195,"19,48"
26/4/2022,07:05,391495,"19,48"
26/4/2022,07:10,391795,"19,48"
26/4/2022,07:15,392095,"19,48"
26/4/2022,07:20,392395,"19,48"
26/4/2022,07:25,392695,"19,48"
26/4/2022,07:30,392995,"19,48"
26/4/2022,07:35,393295,"19,48"
26/4/2022,07:40,393595,"19,48"
26/4/2022,07:45,393895,"19,48"
26/4/2022,07:50,394195,"19,48"
26/4/2022,07:55,394495,"19,48"
26/4/2022,08:00,394795,"19,48"
26/4/2022,08:05,395095,"19,48"
26/4/2022,08:10,395395,"19,48"
26/4/2022,08:15,395695,"19,48"
26/4/2022,08:20,395995,"19,48"
26/4/2022,08:25,396295,"19,48"
26/4/2022,08:30,396595,"19,48"
26/4/2022,08:35,396895,"19,48"
26/4/2022,08:40,397195,"19,48"
26/4/2022,08:45,397495,"19,48"
26/4/2022,08:50,397795,"19,48"
26/4/2022,08:55,398095,"19,48"
26/4/2022,09:00,398395,"19,48"
26/4/2022,09:05,398695,"19,48"
26/4/2022,09:10,398995,"19,48"
26/4/2022,09:15,399295,"19,48"
26/4/2022,09:20,399595,"19,48"
26/4/2022,09:25,399895,"19,48"
26/4/2022,09:30,400195,"19,48"
26/4/2022,09:35,400495,"19,48"
26/4/2022,09:40,400795,"19,48"
26/4/2022,09:45,401095,"19,48"
26/4/2022,09:50,401395,"19,48"
26/4/2022,09:55,401695,"19,48"
26/4/2022,10:00,401995,"19,48"
26/4/2022,10:05,402295,"19,48"
26/4/2022,10:10,402595,"19,48"
26/4/2022,10:15,402895,"19,48"
26/4/2022,10:20,403195,"19,48"
26/4/2022,10:25,403495,"19,48"
26/4/2022,10:30,403795,"19,48"
26/4/2022,10:35,404095,"19,48"
26/4/2022,10:40,404395,"19,48"
26/4/2022,10:45,404695,"19,48"
26/4/2022,10:50,404995,"19,48"
26/4/2022,10:55,405295,"19,48"