PRD_MALM_11_080622,PRD_MALM2_11_080622,PRD_MALM_12_150622,PRD_MALM2_12_150622,PRD_MALM_13_150622,PRD_MALM2_13_150622,PRD_MALM_14_220622,PRD_MALM2_14_220622,PRD_MALM_15_220622,PRD_MALM2_15_220622,PRD_MALM_16_230622,PRD_MALM2_16_230622,PRD_MALM_17_230622,PRD_MALM2_17_230622,PRD_MALM_18_290622,PRD_MALM2_18_290622,PRD_MALM_19_290622,PRD_MALM2_19_290622,PRD_MALM_20_050722,PRD_MALM2_20_050722,PRD_MALM_21_050722,PRD_MALM2_21_050722,PRD_MALM_22_070722,PRD_MALM2_22_070722,PRD_MALM_23_110722,PRD_MALM2_23_110722,PRD_MALM_24_110722,PRD_MALM2_24_110722,PRD_MALM_25_120722,PRD_MALM2_25_120722
2022-06-08 12:05:00,2022-06-08 12:15:00,2022-06-15 17:05:00,2022-06-15 17:15:00,2022-06-15 18:25:00,2022-06-15 18:35:00,2022-06-22 16:44:00,2022-06-22 16:58:00,2022-06-22 17:52:00,2022-06-22 18:00:00,2022-06-23 11:30:00,2022-06-23 11:44:00,2022-06-23 16:10:00,2022-06-23 16:26:00,2022-06-29 10:14:00,2022-06-29 10:24:00,2022-06-29 14:50:00,2022-06-29 15:02:00,2022-07-05 17:15:00,2022-07-05 17:55:00,2022-07-05 19:15:00,2022-07-05 19:35:00,2022-07-07 13:50:00,2022-07-07 14:20:00,2022-07-11 12:05:00,2022-07-11 12:15:00,2022-07-11 16:30:00,2022-07-11 16:40:00,2022-07-12 12:40:00,2022-07-12 12:50:00
Stem,Soil,Stem,Soil,Stem,Soil,Stem,Soil,Stem,Soil,Stem,Soil,Stem,Soil,Stem,Soil,Stem,Soil,Stem,Soil,Stem,Soil,Stem,Soil,Stem,Soil,Stem,Soil,Stem,Soil
1.0635823114360682e-38,6.051456654238068e-22,4.171738341454139e-11,3.069582902208043e-42,5.004573837466028e-36,2.802406672122751e-25,1.0872155620993221e-07,0.00023853239061515913,0.014575627770296085,9.340539885354359e-38,0.0002530686371765738,2.654324006468506e-22,0.006860274240445997,4.342764355875059e-06,0.0007965985888187448,8.933442024555012e-25,0.009901921582098584,2.674578214778482e-27,1.8172041257468902e-33,7.385855084827058e-33,1.3372012805785644e-05,1.7131016855053217e-28,7.743629152772623e-23,2.843746726449775e-30,8.125204718680275e-48,6.579912157364939e-28,1.9029353313647264e-20,1.1248706905067307e-21,0.00736515299468847,5.0313640240076365e-24
3.216684257023237e-36,1.3897843115387712e-28,9.750912871104373e-06,3.6678341276716363e-31,4.698948276176538e-46,5.593389775521286e-25,0.003923030872773149,0.0004219498590416845,0.004179508900238215,3.6769789309732514e-34,2.761733375459069e-10,1.924631761749446e-21,2.6156636528586115e-05,0.0006727262682517701,2.4669501423367068e-05,2.672777312643114e-24,7.657583968261594e-07,6.339554484041681e-24,4.111005658298076e-25,2.682579362133357e-29,6.491407513312364e-18,1.4827615211611285e-30,9.524917729470286e-25,5.2887650247305876e-27,7.83241093653885e-38,2.589670459842374e-22,2.0108050096565166e-26,4.278969330861685e-23,0.0003866118976164338,2.198637483763088e-26
2.9865818118216253e-36,1.4102452257583366e-28,3.6939590545883134e-10,4.644022983909606e-30,4.617919309573583e-47,3.5882865459386423e-25,0.0036452298192075063,0.0002260726935347623,0.004008568081476366,1.2411457103157123e-34,0.00012077763462612284,1.243306715364818e-21,3.0918277843015045e-05,0.0004104470586567478,6.220011834394936e-09,6.4533454293781006e-24,5.913499696599278e-07,7.234373250877571e-24,2.9964427637736027e-30,4.238514528538893e-30,1.72130199463215e-11,1.2630196148243446e-30,1.4765744290898424e-29,2.8835259475081058e-27,4.311378996405019e-38,2.0496365228476306e-22,1.0292442158262924e-24,1.3921274173910978e-24,0.0002406666269606346,4.6613032934365445e-34
2.6631737850586807e-36,1.6750079892691845e-28,9.238035982647185e-06,1.5996816803218995e-30,7.358648246785911e-48,1.0402483808531978e-25,9.272492218072313e-08,0.00015174114431744265,0.0033941018309073356,9.189329512338565e-36,6.624732613589331e-05,2.9746260044535165e-22,3.497036127203847e-05,0.0002300171811622067,1.6611718653621195e-07,5.768279774059668e-26,2.2231641238408977e-07,5.93002497486026e-24,1.7121836247934877e-26,9.497929206543109e-32,1.60400606487856e-12,4.647082404852925e-31,2.690277131944064e-26,5.600118962740006e-28,8.545779842443089e-39,8.967022304255969e-23,2.0387815320303482e-24,2.5151795834888323e-26,7.181505392649015e-05,3.4072309899895016e-28
2.798387562587455e-36,3.1206276975460254e-28,1.995515901117132e-06,2.9248163617195024e-32,4.3847663396687795e-50,1.1923648760227126e-26,0.0020771571036194885,8.031612341405271e-05,0.0024091716306333883,1.6181952521648352e-37,2.2719316546951083e-05,2.764220834486351e-23,2.6833870284211275e-05,8.695185066066543e-05,1.060892182526064e-07,1.3455235788529094e-28,4.937478123165174e-08,2.458098395322015e-24,6.486708877139229e-28,2.662748526444425e-33,5.2438867886475504e-14,6.693029146964765e-32,8.704584570755022e-28,7.651881276013839e-29,7.779345188257078e-40,2.0146972579206264e-23,5.089505523275686e-25,2.688587248907653e-23,2.8533405423153934e-05,1.1429731422703464e-24
5.419682747102261e-36,1.1962864226772592e-27,5.393168169043928e-07,7.759649201830343e-34,1.7622840968370188e-52,6.4763718092745955e-28,0.0011391971647039547,4.315254527194439e-05,0.0015890056534807683,4.062224118231212e-39,7.069887144548028e-06,1.8384801770932817e-24,1.6357101745082367e-05,1.3218987902933835e-09,6.173940858278731e-08,5.585817546759992e-30,1.3541994940500534e-08,1.032811490195352e-24,7.738693405209072e-29,2.9346095647203775e-34,1.6570592159046102e-15,6.518089726686691e-33,9.601997696692725e-29,1.953163905652567e-29,6.912813004746932e-41,3.606986011444048e-24,2.360518790418036e-25,2.7310751376417826e-23,2.0722105611610964e-05,3.090474760822531e-24
2.4805933392595744e-35,1.635556981115362e-26,3.112229656463632e-07,3.67176237704358e-35,1.9718131861525083e-54,2.6233657514419703e-29,0.0005543565290311314,2.6467027368623643e-05,0.0009706851897847906,2.045878241683429e-40,2.82657833324968e-06,1.3670329631351122e-25,1.041026210182802e-05,3.267974084656399e-05,4.862576998885673e-08,1.5285838426087244e-30,6.087334127517533e-09,5.531257272548212e-25,2.8964580378300896e-29,9.416476719972405e-35,9.640989328000798e-17,3.995741086081341e-34,2.53904217258704e-29,7.712963277376634e-30,7.222804654125032e-42,6.440152917111125e-25,3.097217224505526e-25,1.6148552607922424e-23,1.983409712479754e-05,5.948962875115013e-24
1.0868250089506854e-35,9.919997155727703e-30,2.6785543292871113e-07,8.337442733180542e-36,1.4879664168089303e-55,2.1947777275615416e-30,0.00032397847438191997,2.0218431078055107e-05,0.0006990847172318757,3.2550499284339115e-41,1.673521811303407e-06,1.6971177573399704e-26,7.970034359474387e-06,2.540780656505909e-05,4.413688701580899e-08,1.272083452095456e-30,4.189700559164809e-09,4.1075187688745175e-25,2.048525743803703e-29,4.397075448692224e-35,2.5643444140875983e-17,2.1563229197905212e-35,1.1312798393971461e-29,3.795584048879279e-30,1.5618639195984867e-42,1.938349062892374e-25,1.3906958873375374e-24,2.3754130921320992e-24,2.116114326298696e-05,8.795389187529382e-24
2.1423675989294046e-38,6.958703457444111e-29,2.9325606125766967e-07,7.284001299234742e-36,9.594792752019157e-56,1.8957789844863845e-30,0.00029639511864449237,2.019423483271399e-05,0.000667709599028806,2.2008049240876404e-41,1.5597725890205705e-06,6.92591525095267e-27,7.918098389509526e-06,2.5005477232771305e-05,4.794531506789209e-08,1.969270820770133e-30,4.358932396592022e-09,4.5863249981280455e-25,2.2129125491094173e-29,3.885248642081651e-35,3.211998284274024e-17,3.3539870230403005e-36,1.0576818079986553e-29,3.1656108711923885e-30,1.155113765893113e-42,1.5122364175101666e-25,3.856364105624392e-24,4.663980756807012e-29,2.2982962365215175e-05,9.711448160386759e-26
5.860461744740764e-32,4.4294144904669137e-23,3.296104919135807e-07,1.1287233039036973e-35,1.185624525510913e-55,5.192735198090783e-30,0.00031439048185818693,4.0591693287598206e-05,0.0006967875847247775,3.746835624488706e-41,1.6757512531558469e-06,6.966683336015459e-27,8.504406846239532e-06,2.634429795229094e-05,7.145570995100384e-08,2.894689304394249e-30,5.031322352606815e-09,5.41273733103361e-25,2.6581923106528784e-29,6.213797663099187e-35,6.026338031652431e-17,4.209865776421941e-36,1.268930936407656e-29,3.597186845371859e-30,1.3821913465008687e-42,1.7100963392346534e-25,1.577650385596699e-24,2.372542074467634e-25,2.417173382886703e-05,3.3525163977068935e-24
3.5467989654987666e-36,1.4114518942193427e-28,1.2417990081088719e-05,1.519078291019266e-31,2.152813843840552e-45,8.839397709812617e-25,0.004409418680891976,0.0004939215460875355,0.0034994330336901606,1.2136058980568615e-33,0.00015834003103135878,2.604741943407372e-21,4.475664535244364e-12,0.0005464770615911317,6.676785315038814e-12,3.865008176143246e-23,4.34846760238992e-12,4.167588745707085e-24,5.7089209173923375e-25,2.2872554348396017e-28,1.177785822469796e-10,8.72522225252368e-31,3.044891490148021e-24,9.32423823399932e-27,1.4929948080420547e-37,2.9618776052222217e-22,7.698859044064779e-23,1.3095733139724123e-22,7.243449895535265e-11,1.3877790395700402e-25
3.159080262691934e-36,1.2861679545731102e-28,3.127492956004534e-13,3.2614704702223282e-31,7.642137838380109e-46,6.088506859548225e-25,0.0041790935037092115,0.0002006194879056059,0.004253790235373689,6.359575966517236e-34,9.470266184980024e-05,2.321625873462401e-21,1.5909528444752817e-05,0.00044699971179134424,8.052721644268548e-05,5.99374065560639e-29,9.977740119531938e-07,5.5356919712234525e-24,1.5435591541392686e-24,2.1700496813917116e-28,5.0487178682448405e-11,1.5170589198350704e-30,5.152166919869892e-24,8.505067669240774e-27,1.1344049333723888e-37,2.7740044331256504e-22,5.714060523495778e-25,1.9055921241745066e-28,4.493474472516425e-12,7.637218679635062e-34
2.439635784170331e-36,1.1112572878272523e-28,4.0479173727069e-05,0.014782067670904774,2.5191539091768268e-51,1.9779127965533895e-25,0.0031777966677683975,0.022922284519108733,0.00391567903218241,9.139131082194905e-35,0.00014034122911802633,1.279805864256216e-21,2.2490173955728375e-05,0.0017745173453612491,0.022383013207719998,0.009049943506930036,1.1827601130227439e-06,8.458693436952956e-24,8.210833419880828e-24,3.7573580399026744e-31,1.7083256937662697e-11,1.2231086428780509e-30,0.0036096026307387273,6.641648102503939e-27,4.4456319240707956e-38,1.8531922882689812e-22,0.01287318872203211,0.003134436654916023,0.015146579565874676,0.008605855397201729
1.7692733426055973e-36,1.9067364876733372e-28,8.98623522933813e-06,2.201813895117518e-31,3.775628899941676e-49,2.7837460749651105e-26,0.002415666114028325,8.963662529297492e-05,0.0029998779108156566,1.0674986771997448e-36,5.764960529532151e-05,1.0830844869657367e-22,3.3472368838721976e-05,0.00017886146176042465,3.2391551698666385e-10,3.57718776242913e-28,7.787684478600862e-08,2.608404519425294e-24,9.564841923519978e-28,3.044214316769697e-33,7.892011885681552e-13,1.8887903179224408e-31,1.1400916918922731e-27,1.4281394715727686e-28,1.6460163783280993e-39,3.5690130741155696e-23,2.500426408335897e-25,5.026401266156524e-24,1.7830095638839693e-05,3.0363431780841526e-25
2.527816424884058e-36,7.512455930559418e-28,4.2906212798988404e-07,1.0029333355852919e-33,7.450620640151053e-52,1.668348177312115e-27,0.0013561770884478483,4.396098472598995e-05,0.0019410309165627912,1.5511622904098847e-38,1.1028616658142457e-05,5.06754581967889e-24,1.7480338866771014e-05,1.4069998850432845e-09,4.2889028851945186e-08,2.6968423909347513e-30,1.2826958889062862e-08,5.829578890553137e-25,5.879373581719656e-29,1.517324262430007e-34,6.037971097452517e-15,1.3695209340902358e-32,7.902497010151524e-29,1.740511636142485e-29,1.1863730225896598e-40,5.861450371808679e-24,1.0542954523106224e-25,2.6692839729335046e-23,1.550691991838408e-05,1.5729417339794841e-24
2.647001267199333e-35,1.293606805042221e-26,2.797636576728871e-07,4.819489781313749e-35,3.0486402493875065e-54,3.9319596160880907e-29,0.0006227537034400023,2.627576126102002e-05,0.0010649461270781314,2.8984107111478435e-40,3.4081233365829602e-06,2.0307520558397737e-25,1.126071580352753e-05,3.497707176804704e-05,3.9054274487096906e-08,5.003326077121036e-31,5.380498140640101e-09,3.804142902101658e-25,2.0814794630970842e-29,4.899006514239645e-35,2.425061031892196e-17,3.1254661967346494e-34,2.1708249658485206e-29,6.298597201476434e-30,8.177807571996541e-42,7.306934397950798e-25,5.924501511683678e-26,1.0422607160267588e-23,1.49338102667627e-05,2.284974313920079e-24
0.010353573938906372,0.007714943597371131,1.9032272931730468e-07,3.57008687142418e-38,1.4523539235227382e-56,2.3423197981492453e-33,0.00018503242931759768,1.4459446684188927e-05,0.00047706534366170455,7.337154968627732e-42,9.357568472761099e-07,1.5407439555097887e-33,5.416531054169192e-06,1.8484498037989614e-05,3.3058334227561295e-08,5.718766145917089e-31,2.3042364487069145e-09,2.2691132962926627e-25,1.120064911528472e-29,1.6653509913851232e-37,5.990654967120465e-20,9.37582049174093e-42,3.559733846806814e-30,8.497302993286778e-31,2.780180120271458e-43,5.1602691698873095e-26,0.0013259769808027886,0.005083993136913567,2.0443153835191006e-05,0.0006821031606130425
1.2490331088056737e-38,5.499009199573577e-24,3.123721873025536e-07,7.36750711858838e-36,7.732837410498989e-56,3.0694602528219637e-30,0.00028477187531532615,2.036344196169356e-05,0.0006547514959713332,4.897354212391793e-41,1.5203686049329163e-06,3.5326393116082206e-27,7.989589476710944e-06,2.5089427310571506e-05,5.0447148858175225e-08,2.517297383790155e-30,4.5717464841452544e-09,6.516918296837983e-25,2.4786051455788843e-29,3.453677808267804e-35,4.119636579498117e-17,1.2797484397046402e-40,1.0401543961936653e-29,2.7982500375085082e-30,1.0261519398454278e-42,1.353043923798772e-25,2.1330328279853515e-23,5.6440347604219e-24,2.4634562651601432e-05,3.4745374422006365e-24
2.792495490137398e-32,1.570484800497526e-22,4.1388685188344273e-07,2.6866883714696564e-35,2.022131476449311e-55,1.074482484967992e-29,0.00036663354492079403,2.4778062365608418e-05,0.0007757826274907709,6.26832332307938e-41,1.984033656130206e-06,9.561246853287367e-27,9.942012856280541e-06,3.93140874598885e-05,6.736365893266542e-08,7.110503732220034e-30,6.967161952328874e-09,7.627352248726277e-25,4.0955157183439886e-29,1.9886778098752555e-34,2.1472423369037012e-16,1.22116432242786e-35,2.1006522358711605e-29,5.0070407803289564e-30,2.324803371277008e-42,2.4853866239923578e-25,1.065124889413698e-24,3.883291076560228e-23,2.6995604331091464e-05,1.9271739996051848e-23
4.973874864383837e-36,1.7286970461701104e-28,1.39777365511189e-05,6.82271733548102e-31,3.054518700494963e-44,5.0920679461036743e-26,1.0944926824095172e-05,0.00010425583752663908,0.002294666942402967,4.6264803969868255e-32,0.00024230151997850437,2.1850220435357454e-22,1.3582721379658324e-05,0.0002581597253105497,1.9551735347132557e-05,6.136900755827859e-27,8.021143533740066e-08,3.7166722335566856e-27,4.8780316232890924e-27,1.2611315077742685e-27,2.0309423167115985e-09,2.368865031984705e-31,1.0493137287119857e-28,3.615693037911254e-29,5.8081435770121675e-43,3.83892287884801e-24,4.7758061737674566e-21,1.245743464102557e-22,0.0001203292763621114,3.6266666107595573e-26
4.178087645525818e-36,9.277782584407366e-29,6.733130697572656e-06,0.042741994587618924,7.528240114735591e-44,9.239962048999282e-25,0.0072939604181625805,0.0366754230994062,0.0022383259534084943,0.021842230153757497,0.00035796982788588075,0.03914733881442871,3.761541382078597e-09,0.04370294300440364,0.06903683237677749,0.04604616475258354,0.04855580488431233,0.0300650079604992,0.09102913435267243,0.0631366629944919,5.469645461751873e-09,0.02366682248323384,0.04602743633134694,0.029197799655554888,0.05292542930326239,0.022961061301557853,0.029484127144516842,0.01990409490200576,0.04097496400388275,0.025370307905714425
2.2885761684485226e-36,1.0774700931981775e-28,0.05982032427862663,0.006615798269155419,5.876445631490485e-44,1.1421913841947602e-24,0.0049790617875614795,3.0327639552022834e-14,0.0011653841558193353,6.935592000315353e-37,0.019468779938673176,2.4958621381399345e-23,0.03932191134619744,0.006922121855989817,1.2465220150076708e-05,0.007485242340212401,1.6365935181542796e-06,1.1131293101047628e-25,1.0945473173703902e-25,9.836488011820049e-33,0.06888135151180015,1.1231430610355353e-28,3.443996211976225e-24,0.004652856186952507,2.11570548190902e-37,5.0817487083058725e-24,5.441022778495765e-24,1.3036022508755407e-23,0.00012310850477484562,4.430145245669618e-31
1.3127490466968307e-36,1.9420044553573293e-28,7.398813951128664e-08,1.2844527244716174e-32,2.449359753359626e-47,3.0815896617503992e-25,0.003075601276162281,8.321262903996942e-05,0.004242014498636641,5.373626635933937e-35,0.00021383775568346674,1.7368779311930223e-21,2.994877745041561e-08,0.00041645221811336915,1.4130151317125885e-07,1.7779636130853896e-28,2.0527049856525425e-07,6.030823331783883e-25,3.1623100689493473e-28,3.360743414302505e-34,0.0034987001278494754,1.0095333187799744e-29,9.50493259367587e-28,3.113750218641737e-29,8.029582169631869e-39,1.0123464582730468e-22,1.5048396962620603e-25,4.096882938719848e-26,1.3629838931122382e-05,4.601091732790754e-26
4.6617627830145284e-36,7.55909877151417e-28,1.4768053434822685e-07,1.4967596832683109e-33,1.5247181905695879e-49,3.885621748848371e-26,0.0022032385094006277,4.9089757010470386e-05,0.0031136074330442953,3.701280798698986e-37,5.666111437542922e-05,1.311032787505314e-22,2.9135657743316428e-05,0.0001773856217359457,5.39194782647833e-08,6.002050410312713e-31,8.07771327396947e-08,8.0088761203330705e-25,1.4637661738015582e-28,1.2585456382798041e-34,1.9840679762166182e-13,2.768850964936745e-31,2.298147142081256e-28,2.0327848235542428e-29,2.2373064747102085e-39,6.838876533191928e-23,1.9271265742543797e-25,0.0051296457544700805,8.357149718427327e-05,0.006541446182034073
2.1313869997102972e-35,1.7222823359570856e-26,1.1396903756189816e-06,6.156325453565828e-32,1.6206649866211416e-50,2.3505339414364566e-27,0.0013762843280222521,5.946651317232633e-05,0.0020669172182271357,5.0091823840649225e-39,2.5895254522574155e-05,5.309081421006949e-24,3.8566370463356026e-05,0.0001572491097467366,1.2298507985613483e-07,1.2292687870271824e-35,4.229295054964624e-08,8.392120325010828e-27,4.3274669795103905e-28,2.0161223428068423e-33,1.0511949142031525e-13,1.0209098274572502e-32,5.700180246984896e-28,3.2338342123254124e-29,8.833824410609854e-40,3.879785799012377e-23,1.2357131088245468e-24,0.0005710153460824673,0.00010790853876009414,0.0006897079720941004
0.014168014945062491,5.301715254810744e-23,2.8323579913944374e-06,4.556047310145248e-32,1.1686606130891555e-53,4.2743893583470336e-29,0.0006712843254854125,6.251067298981741e-05,0.0012060480370338824,1.6994947775331381e-40,5.989916253748881e-06,7.951582339159714e-26,3.086494754579787e-05,9.086767275819088e-05,2.3225553040193426e-07,2.4028055082559406e-29,4.608650860994361e-08,1.492496528348875e-21,2.923153716534213e-27,1.0379613590558538e-27,1.8689216679833126e-08,2.3130244241075273e-34,2.514064117365111e-27,2.0742681362739987e-28,1.1944463423168607e-40,5.0869033754462934e-24,0.006926434811417066,0.004223861237667502,0.0017336722805543839,0.0031361226418708827
0.014686484826912637,0.002459874672307244,8.286628158165257e-06,4.231324878889581e-31,1.2470192657141635e-53,3.61986116396737e-29,0.0007237122791072928,7.9737802027088e-05,0.001268034782597849,2.701356617848327e-40,6.323245087477969e-06,3.642045074698642e-26,4.3663732652665585e-05,9.395252439816809e-05,1.0018208000876213e-06,5.971560140871715e-25,2.8465654471640286e-07,2.9828109349052766e-21,1.4564755432018938e-26,8.262030160984536e-27,0.016128359186157317,1.2953237455896011e-34,0.0009094665824544325,0.0009064861258378916,6.774128394464755e-40,9.608893414094718e-24,0.004624478270227214,0.001954651038261968,0.002215539580499513,0.00020662932303793899
4.007017577416553e-36,1.85627731693287e-22,1.8430928392800974e-06,1.1209757263917412e-33,3.041063105985183e-54,3.6062081262209874e-29,0.0007664022567181131,8.44405665355313e-05,0.0012939830031482484,5.19553125774623e-40,4.389392643553891e-06,5.99813100994158e-26,2.1802164973393777e-05,8.31063118393907e-05,3.0608274816742534e-07,1.9438687058906148e-27,3.977898745627242e-08,5.392429801847046e-24,8.560362794105036e-28,7.099447686224932e-32,1.750862298767776e-13,3.7471800505350834e-34,6.134460293574365e-28,4.757313602371058e-29,5.577558453774328e-41,2.3369750433383486e-24,2.7904853456026284e-22,1.520402278013752e-22,5.7064590558403904e-05,3.1091696410739253e-24
1.0001029383300397e-35,3.9953420834053323e-28,1.0663403203643224e-10,9.790456052311017e-35,7.107693199711059e-44,3.1627166817719134e-23,1.379127275938436e-06,1.5854276050780445e-11,8.286807419330523e-07,1.023989603225483e-27,3.859717350020239e-10,2.789006682266622e-29,9.964553067226834e-06,4.269001355345484e-05,2.040610850280354e-06,4.578220523143949e-25,1.4511415806210807e-12,2.7747620709162428e-24,5.419680268147683e-29,3.588748957384947e-27,5.53793822258941e-08,7.764445468459453e-37,5.826848576647647e-31,3.4995014489618734e-27,6.017291018994364e-35,1.1519140289848051e-24,3.0504159608758166e-21,2.712241408318457e-23,7.376510018011476e-05,1.0231538122223421e-26
8.718207318597153e-36,1.6347268898868451e-28,0.015589960027787194,0.011844206395050209,3.589077511535511e-05,1.1515861308606442e-22,0.008954561971614247,0.01718071811214221,0.011454063307131739,0.036845379880804316,0.019532001907497286,0.015991911285629073,0.014370716581882857,0.011900914462329864,1.2612788407967194e-06,9.97346509625662e-24,0.0012033588007289017,0.0017822311040535308,9.291378664280276e-27,0.00887848001189075,0.043020143376510916,0.026894202342373708,2.0563699860315706e-27,0.0039264758101117455,0.005259410658235344,0.012519131754385493,9.293868269599577e-20,3.414051784435564e-23,0.00025516699927429767,1.6039873270506952e-28
6.564766096230996e-36,2.888067564160135e-28,4.15910639311696e-08,1.333627796324923e-31,1.8862806495702367e-42,3.703762810631488e-23,0.004596371328328405,0.0007947214791675818,0.00871426132699976,0.0005104152787400859,0.00013203641305992143,3.351915996596376e-22,3.603494576549846e-05,1.0445211038743594e-07,5.514391113980223e-07,1.2679043454880002e-26,1.979768718070069e-06,3.0267238137910844e-26,2.8121337466961126e-27,9.5641669724137e-33,0.008656753337931516,1.9789554981067687e-24,3.260296603172988e-27,1.2487156725550738e-47,5.324990629755925e-37,2.1518258456032877e-22,3.282760226715891e-26,4.496639975740592e-24,6.042765793733857e-06,3.888312542234714e-29
6.617791768219657e-36,5.295550020253251e-28,1.4212199717043167e-08,5.06320349973954e-33,4.246133133779509e-43,4.891004626104172e-23,0.0054028660188198884,6.118442261946249e-05,0.00757419484912029,4.6921623193333716e-32,0.0005799410816852633,0.0038011851135243352,0.0001972566457326022,9.440672223357719e-11,2.652838087074682e-07,2.9835498506329716e-31,0.0024984562903285798,0.012733922152900869,2.338556905103725e-27,8.669834304387527e-43,0.0008973503731750591,2.5016827723647135e-26,5.958762871938965e-27,1.782027294882436e-34,1.386664488245899e-39,0.011252734955410525,0.01311810761340113,0.011663436438720663,0.008010446900131587,0.009076021028492948
1.1855039894246203e-35,2.207950646019116e-27,9.317045427483943e-08,2.083641434254029e-32,4.006964873026915e-43,7.442540652212363e-24,0.004702055748393234,6.236780135324503e-07,0.005715527687437967,2.715123331573222e-35,0.007334580516111807,5.841797115598518e-22,0.00016728148604502001,0.005406909652621509,4.336235600762185e-07,5.4078000004847415e-30,0.003075867209713899,0.014926313267977087,1.429943687634727e-27,6.2977715446213e-39,0.009807334182891302,3.965918124442668e-29,3.9948089793161564e-25,0.004861133437379367,6.261510490205525e-36,0.0011101025784557882,0.009829611795968599,0.005446876990095491,0.009264685162098463,0.0008143500549665128
2.2324919260222915e-35,3.116236892041998e-26,4.208728627369511e-06,0.0040007048063956715,4.944546424532219e-44,2.217550250632067e-25,0.003390669577237995,0.0006935402604244473,0.004238372227670584,1.2396608164386152e-37,0.0004489827047430419,1.7249496979738074e-22,0.007912618305635881,0.0028696421058285195,5.442806124097159e-06,6.3057837801937735e-27,0.0038749196760191496,0.00433956213950091,9.324499981239902e-25,0.005447850788640442,0.004334387153942653,6.369535570156608e-31,0.007098211583936389,0.008925154013777895,1.5924371824283204e-35,2.2531640878679024e-23,0.00582810212139049,1.1333606047903372e-22,0.008020776263340803,9.430914755097018e-24
7.954982599042873e-35,4.097970969634474e-24,0.005647106767902663,0.010314859036651743,7.999416995414808e-48,1.3073738626561364e-26,0.002419062860144192,0.004698310438972816,0.003150633786998633,6.841043814538183e-39,0.00013346093506299168,7.32889251843318e-24,0.0032038034759748583,9.646476678828673e-11,0.00014595733176422942,0.004778423957944157,0.004332414709466278,1.3418602514121384e-24,0.009032345179121009,0.014390502583923345,0.09895735696836488,5.217785646861114e-32,0.003711303760249867,0.004657812889373369,7.376589726285873e-34,2.1307512034575615e-21,0.008654410223088164,1.2041453916108103e-22,0.00873457558351224,5.65499971207069e-25
0.0003176086572309879,2.6380969404328833e-22,0.0008042045006083379,0.0015999546771627493,2.325009581687298e-49,3.235745655101262e-27,0.002023489864238811,0.0009213077716705154,0.0028380122065078724,2.28385025014123e-39,8.231537775669507e-05,1.6261507702744467e-24,0.0003495441179014298,0.00010884960244249295,0.0020625220960581434,0.0020423473863356006,4.074204332140341e-05,4.423222613369757e-25,1.4829865292767099e-18,1.0296621096908224e-25,0.018317152403125175,1.3594846000571136e-32,0.0034866477642294504,0.0009554599315556824,0.0027772749304167538,7.342335146075948e-22,1.5314964607481835e-24,3.3773766970150545e-24,6.432903475007025e-05,5.135779017330165e-29
1.4522148041103959e-34,6.026745963063102e-23,1.001917622394387e-05,6.287993985476298e-33,4.68986842829727e-52,1.0197380647249996e-27,0.0019142399706256162,0.00022150579814270168,0.0024016314266847197,3.912268366966885e-39,1.707116218924748e-05,7.614408890164347e-25,7.313727677202228e-05,3.137395618196273e-05,3.1232043343744316e-06,1.4774348467750545e-23,5.696341173514387e-07,1.4338083069658649e-24,1.2382601154499985e-25,6.256028725974541e-29,1.979046262080761e-09,1.0136792147685485e-32,2.0005241032331379e-25,1.5755819698661257e-27,1.0805386556282363e-38,6.080799755064355e-23,9.961775984009458e-23,3.4035737354560313e-23,0.0002611073202260644,4.202879002214435e-25
2.660472314795527e-35,8.13387976651484e-28,5.61977401557123e-06,1.2390609159832312e-31,8.068878321833973e-45,1.2869235777643047e-26,0.0002523902488734223,0.0007045247090464129,0.005565194970484786,9.344289840487086e-24,0.00022106397020231909,5.641411989575411e-18,0.000173286722353919,3.794099729589452e-06,3.414419929788424e-06,2.0310134781699548e-29,2.994508372710354e-06,7.608586924120492e-24,1.1338347413977014e-30,3.601029175415084e-26,1.1875186752039243e-12,1.2563347787554556e-28,1.0336442783710903e-26,3.275914219430719e-14,4.005578319682595e-34,1.1740008415978807e-19,2.851321452259199e-20,9.057007006581299e-24,0.0012641007795433925,4.87501782730172e-27
2.4202320917758494e-35,1.2379274129178502e-27,1.6224094937251099e-07,2.0031072670586506e-33,1.3924276600309012e-40,1.1289395356593866e-21,0.006779912909221284,0.00042594882321754637,0.007199553709134832,0.002418386353244619,4.7804658349140006e-05,3.2032557831226703e-19,5.685151945039524e-05,4.398264939013815e-06,2.7336373156484354e-07,1.0656139326674223e-26,2.4328711798399774e-05,2.220211645459153e-23,2.67859232824654e-27,8.454943272063406e-28,0.003905461601957062,0.006439277051215565,0.002176715050880157,0.0052687291863038445,0.005396360687563859,0.005957206213610041,0.0048792184081375605,7.55691272302797e-24,0.003334370449024113,1.4501722489389315e-27
2.2104817557059946e-35,6.6743545788479975e-28,7.888834356128007e-07,2.846724607758081e-32,5.730961201647363e-44,2.9870362821729193e-21,0.0027807063762677157,0.0005661425914135582,0.009737703016053758,0.02398554639274291,3.157006883988433e-05,8.26569639781934e-22,6.193102432995155e-05,4.3958741106991083e-07,1.816813507165481e-06,1.3965998232709405e-27,1.0652329397778541e-05,7.169167906648555e-27,1.294747238440259e-26,3.6638053181570413e-28,0.011287581539192673,6.058451752097371e-28,0.005811484552591913,0.00882509094461588,0.007938102220304829,0.007686690963076875,2.0024181889260253e-20,2.4664445273673675e-23,0.0034571018791030605,2.826419992893317e-26
2.069342866759477e-35,1.1061070716234042e-29,1.0581832132790447e-06,3.307463159255113e-22,0.002855960890756704,6.872921392086587e-21,0.02916198603300259,0.0003566212225290445,0.006576771226884337,0.0053780646123003,0.009994463536744734,0.012951133758976274,0.008738228273759505,0.004387591201297841,4.707456741546415e-05,0.012735419771847056,0.014457630196772328,0.0017749541042381654,0.005289828896753474,0.028292215884551716,0.07580560243342642,8.649895262859371e-26,0.022109993081272598,0.017672059647585628,0.04567459631784645,0.02510419918070298,1.302340843822276e-22,1.5703928604846558e-22,0.014057534294596644,8.96947574240619e-25
1.9563743727664603e-35,3.349454918282066e-27,5.966751869944552e-06,0.005268797162857678,0.0072149522703837225,1.0294094522300218e-22,0.005787011041998725,0.011300386182513637,0.007561540016188403,1.5143122303475803e-34,0.016604349960916556,9.08757049452424e-21,0.0023520383921538423,0.0002589822600389221,6.873044044466678e-05,0.0032356792488426813,0.025199431474376498,1.9216717566136194e-26,3.422386066619154e-23,2.6444703424864014e-48,0.06340151595069035,3.894769126452933e-28,0.015836424840316707,0.005929368496478048,0.03178624020539649,8.832836947487018e-20,0.02177847504253457,4.581739090471233e-22,0.012129022678252253,1.5396879943139284e-24
1.452342641990907e-35,8.86060706917715e-26,9.172149772166186e-14,6.717096649022291e-36,1.7238181438735966e-46,3.967897531539376e-24,0.0036625914647119956,0.009850278383863625,0.005908066204552931,8.669012549981426e-37,0.00841697157865134,3.280893772504193e-22,0.013468438827475957,0.0001651610173050514,0.005284473761657724,0.014702093130683241,0.00925551465442362,1.6424563753720895e-27,0.02223032153723503,6.304424866594505e-28,0.15757320919803525,7.728022417955584e-30,0.01662288245179681,1.4855508446532286e-28,0.009436827061733493,2.3643305233006558e-20,0.0014744913546491615,1.8950718571465898e-22,0.001976808022760671,1.839612910478957e-24
1.3485503794725895e-35,1.849848956962439e-24,0.0019510869679698942,1.4301689666371225e-38,1.1640139497515884e-47,2.1830401128487346e-25,0.004910673777473949,0.0003280733522966036,0.005252130805768975,6.414104045699098e-38,0.0005037136880481436,3.0476186413704564e-23,2.353266895406428e-12,9.292871280034543e-05,0.007948225876678454,0.0004241263677456776,4.0894484884794214e-05,9.206819448587841e-26,0.0017424314938136282,5.34470632861961e-29,0.00012720708035621385,7.531494573726918e-31,0.010557988425130664,1.2410842031850626e-27,0.008303651770613533,3.80261508110526e-21,0.006858978268064428,3.583117415911748e-23,0.0038337686213183535,5.36985021458649e-25
8.131889153728765e-36,2.076840300198654e-23,0.004371470032573761,5.92254704065685e-34,1.2750461008819326e-45,3.916726441896598e-26,0.004135098041576032,0.00032044927297896863,0.0046460841497712995,1.723572448266553e-38,0.0002152913794330913,8.615711614883187e-24,0.0014992504769502325,6.089280627693743e-05,0.003908937519858576,9.322814930214445e-16,0.00021520452299080416,5.683670224188136e-26,0.01168765816044467,2.5650366402993657e-28,1.6366430230678296e-06,1.9551669574303229e-31,3.504541803169707e-18,1.4085126203207387e-38,0.0004207452183559199,1.1550594552524027e-21,0.005825054446670999,1.4060446880651e-23,0.0023750174480446397,1.181336974198132e-25
7.899576916900851e-36,3.31774897632896e-23,4.6710786397113456e-05,2.626371032832532e-34,3.661672384633432e-49,1.740105052959078e-26,0.0036290084631087583,0.00021719194595979093,0.004078430796834348,1.1623064507148338e-38,7.129422211118025e-05,5.17635044610763e-24,0.00023579125585782273,4.824439576377528e-05,2.593062176940468e-05,1.3558325233235082e-21,4.05603032551718e-06,8.511188806040331e-26,8.916110566348404e-24,1.5645690386410684e-28,2.156421365349991e-07,1.2209257381136304e-31,8.059401084534372e-23,1.8793405585208697e-27,1.818335227489251e-36,5.771585236052233e-22,5.863267785430646e-22,2.60931699052028e-23,0.0010798896597730286,4.03421473207347e-25
6.534948186825717e-35,2.1380005496112986e-32,4.881263989527373e-07,2.1735136272043192e-29,1.3426054900516871e-39,8.155184463399258e-21,4.61285543270857e-06,3.400197502599518e-10,8.920167280005565e-05,4.5394826255467844e-24,0.0008336919418966811,6.9088395435833815e-18,0.0002629008085879125,1.2650724106657995e-05,1.950328010688637e-05,8.240954681484529e-24,6.9623482050590124e-06,1.2900171662931648e-24,1.0777010682280246e-24,9.416102318134006e-34,0.00029466333630126794,1.106005619567077e-24,3.4776062794030844e-25,1.549289540190654e-20,6.855468620038458e-32,1.3830852684579476e-24,8.7521472551289e-21,3.609546259511943e-24,0.001421456051839435,2.841842907295518e-27
6.646686443902623e-35,2.2891372111096862e-26,0.008309624764998526,0.011176141908369186,0.016973793159587587,1.538172776606538e-19,0.014290030245595607,0.004495514403099572,0.013999658513721832,1.4503607307478772e-19,0.015345324188026302,0.002110642908357826,0.018594807632186103,4.5608215672541594e-05,0.007526346482891388,0.01212422215613304,0.009100740042748258,4.063096353461026e-24,0.008445779078576519,1.3786734092430092e-17,0.007539898027933625,2.5212269646104233e-24,0.0238669802964132,0.0001144098642601933,0.018410313393950335,1.4750871211383813e-20,0.01842149713753139,4.7453453635839976e-24,0.013438879060687515,2.3506754732132447e-27
6.118416097099314e-35,1.3595659622959228e-26,0.019628736191234338,0.02111700352298338,0.006502361156176504,3.73662876846275e-24,0.038410691796667,0.00783800856605822,0.009201764379329997,3.638769527004938e-24,0.020432700377400293,4.8500054941804044e-18,0.014717993488382231,1.751269230772425e-05,0.01341796946098111,0.016448265400098704,0.029183507223490956,6.696293470749518e-24,0.009369760967136546,1.461385444964944e-25,3.8923998590135155e-14,9.792654762491359e-25,0.012267738019324202,6.418328132302504e-23,0.03264853526249708,7.140244061234528e-21,0.0045585516807367,1.5901787960424678e-23,0.004976938309150065,2.243833811398758e-26
4.7916659577385227e-35,2.812785492222649e-26,5.3259838006403065e-12,7.768315995680655e-30,0.031615369377765636,9.4937462828175e-25,0.005541126651687764,0.0018983869306840693,0.01676125074800124,6.123243736823169e-30,0.019640659839973196,1.0936137940142222e-20,0.017316694041953882,1.3476536768656952e-05,0.03580312442758589,0.0025597993746312975,0.013140636382179062,6.7348111082130345e-25,0.04685715763555758,3.553472379251855e-30,4.58459034213427e-14,2.9928365082702574e-26,0.010230269394732094,1.0845617926762897e-24,2.758567167184706e-28,6.941616464675455e-21,0.05366423190368695,1.2713089215670706e-22,0.05331532751385096,4.474940966021068e-25
2.313794823475219e-35,8.196970146995789e-28,0.02449392463285473,3.073767424835495e-32,0.052310311313082704,1.318438137211542e-21,0.006375977467688474,0.000286212607610034,0.01677727111919007,1.1704907512113045e-35,0.03746799079538815,7.172592446501428e-22,0.03736572914693164,2.3825140515420053e-05,0.03752218692847867,1.0489402352230189e-16,0.011912907330649924,1.8054375694238093e-25,0.01941951503153363,5.1850567867066076e-30,0.0008724100959011957,1.1254555371568232e-27,0.038171217972880284,6.451101578474074e-25,0.007311126748639615,5.901590593695994e-20,0.03370359613885632,2.2115557268118738e-23,0.05641734131036338,2.0943578274275703e-24
6.38650532670918e-36,1.9438004287851914e-25,0.029167091539569028,4.1081970752276247e-35,0.0055340564455502415,3.638610916659182e-24,0.011030141615601168,0.00022534733767435545,0.006141528551295924,3.562931699934193e-36,0.004367939090885472,2.4118580620318746e-22,1.5010450779126753e-11,3.578864488054423e-05,0.016789029701610475,2.108140837904401e-25,0.014615929699887197,4.229225340593593e-26,0.017737231946974442,4.876993824324675e-30,0.00035309534696516764,6.243700122415207e-29,8.319776697242034e-05,2.5820047129938333e-25,0.016592970788823862,3.3832689354841457e-20,0.0052233905416367325,3.601304332047866e-22,0.015210238264081601,5.026770684171761e-24
2.429751361114615e-36,3.815692730170795e-24,0.014782042479599041,4.0081403201669453e-35,0.013033753044394738,1.9400003140117907e-24,0.006739356331448118,3.0094931831917756e-05,0.005115900779715374,3.145814158919783e-37,0.0010627923302063648,5.868223940146203e-23,0.012175371289891143,3.183141063919909e-05,0.017539684923148877,3.3540052020126977e-22,0.008334109057954078,1.5412198696509338e-26,8.06543358459232e-24,1.5771448043462431e-30,5.610146218739286e-06,7.315048683020178e-30,3.2549617320703578e-21,4.7705801413364725e-28,0.012977585118743144,1.3868600549309312e-27,1.7418925879658146e-23,4.269675352548277e-23,0.0013316719003076609,1.319459636969454e-24
1.0344380331075205e-36,2.73622462934622e-23,0.006660278166154562,1.0758193139474453e-35,2.4151349251624716e-40,3.073892844505771e-25,0.007110785897802543,0.0001740800776894591,0.0004698449047161627,1.0281705743855936e-37,0.0012371131081465071,2.68522903660295e-23,0.00761646748174613,2.741317991833842e-05,0.0053884492233182155,2.6619508182242525e-22,0.006695284350663433,1.1444946594746283e-26,0.013557364840455607,7.127210262303977e-29,3.664858597622266e-06,2.1295877731107016e-30,0.005449927568246307,3.0222384667934992e-28,0.0031992588995061605,6.024714884073721e-21,1.0621131008576768e-21,3.72159286236434e-23,0.022472568336516414,8.147788624693141e-25
1.1023501134670499e-36,4.1053348012954373e-23,1.6596579790702144e-12,7.785203877915228e-36,2.941851034328416e-45,1.4466063487208872e-25,0.006050740103036198,0.0001592656459074921,4.539024543670022e-09,6.561650684643558e-38,0.00032428434984946194,1.9910541592025302e-23,0.0006997890765965216,3.121835044142617e-05,0.00014722378413477668,1.2892995029196089e-22,3.2049256054883903e-06,1.695535497557097e-26,2.602770206067654e-26,1.1613465639605647e-29,6.555113435583046e-07,1.4830601437460114e-30,3.3449017800779935e-27,8.0336283872010065e-28,1.3797641077046786e-34,2.94712574492323e-21,3.2460639572822967e-24,4.0800662559147283e-23,2.5105287528358412e-11,8.455056510845976e-25
7.356161148156021e-43,7.548153036661957e-26,4.1601008981030265e-11,1.4026728003866785e-26,9.015214955258267e-39,2.6904014233779965e-20,3.0525804713192644e-05,0.0003032751596246673,5.634194625606892e-07,1.0402221111687564e-27,1.7817984917658768e-09,1.702490073220051e-20,1.460831570115044e-07,4.099517277402369e-06,1.5711147769020886e-12,1.424337535869469e-29,5.6161056503282975e-06,1.8763033134336444e-25,7.399341584418059e-24,6.119866219761678e-33,0.004846398355914813,3.694106936214834e-25,1.5408141857363858e-17,3.7048875380419406e-25,0.007630408364469181,7.854651647076361e-22,9.464431591509038e-28,2.6590840724572933e-24,2.2594699772293966e-12,1.6174807924733888e-27
5.806958594752816e-35,3.0604979015942006e-25,0.024510134048313637,9.360038476057794e-26,0.014669769574570272,7.3573453769681e-20,0.012686237553517169,0.0003690358292820166,0.018122002193191693,9.956406848160806e-28,0.004228656804545422,2.146047428140064e-20,0.00601095237232656,3.5770861440024354e-06,0.0329414552500856,1.2801941439603484e-24,0.00806687295544276,3.7023050036905084e-25,0.0178608833159455,4.156051267941791e-32,0.008505432310114212,2.672458046614001e-25,0.01082093712763538,9.377058822237488e-25,0.0023769386753955198,4.097132186652942e-22,1.2143243346104049e-22,2.7322469023859342e-24,0.004496168693636726,3.77784226026229e-27
1.7570832100526317e-34,4.1894146179727895e-25,0.012828237452242418,1.8599388964137822e-30,0.0523498218427192,8.408470512364322e-21,0.030000404232328887,0.00018784465646416157,0.04608531480091118,6.107439826533426e-31,0.03609020209038573,4.8960804924342484e-23,0.03356191841235943,3.7787721227802656e-06,0.00870893027444598,1.2959932479474707e-25,0.019711042606951824,5.277352891516344e-25,0.02784615256208945,2.2638079794448477e-32,0.0032505629605564797,9.50436104570599e-26,0.023876565305547187,1.0662256137955495e-25,5.358220207487651e-32,7.24251051578964e-22,0.004783478627896337,9.1419277466725e-24,0.006898115986100895,1.3725586949608723e-26
3.1971875231926554e-41,6.83592568896683e-25,0.05737712905341585,1.3193792812420755e-32,9.77736578764568e-19,0.011065077217575443,0.021339243066106243,0.0002919250389899908,2.0602275114658183e-06,2.6738918276403138e-31,3.818773645643635e-12,7.365929127725635e-22,0.002792119352975774,3.3885233213526868e-06,0.03888924829901424,1.2248435311910511e-22,0.0008595066608777253,2.1430428542831673e-25,0.025137911798224815,3.449887583427893e-32,0.0004071503395041527,3.092201705225808e-26,0.0404004612774374,7.685715346649286e-26,0.03703397092956765,9.434353839572831e-22,0.020186456964180616,4.8864940162068384e-23,0.00799582629979304,1.380060388539115e-25
4.175608338242237e-35,7.465456189447955e-25,0.03147697842537869,1.0798576328107062e-34,0.029454641435146933,1.056757346668567e-20,0.029071781484554127,0.00022440633808083014,0.10939878580492945,6.7711633748431595e-34,0.08521417680744353,4.966206112998776e-22,0.06202490945798348,4.7756822153279875e-06,0.017245535568469948,1.924650547683043e-21,0.08429885991598667,5.859651591374034e-26,0.021628214576881438,1.2975060579691537e-31,0.0002489778428006515,2.742791403401897e-28,0.017246370136168743,3.629172461321359e-25,3.0044327549602494e-42,6.657762543149116e-21,0.03853811410787352,3.6348063622937033e-22,0.029392774628236366,1.1055093182056162e-24
1.9132136895053728e-36,1.7765767241981213e-24,0.027885923243945707,1.456301755205017e-37,0.05014932024048392,5.761575105403681e-25,0.04748029839575129,0.00013929511272691168,0.022992608253942788,5.519636178261452e-38,0.0962919842511935,1.6874006130828839e-22,0.04791021001613467,1.6829022110798562e-12,0.014508234694739162,6.850379995036915e-23,0.0006474386095952641,1.067101008838394e-32,0.0037038778707140846,7.884050363894774e-32,9.94813469981838e-05,3.9223550636407423e-28,1.3279467440870655e-30,1.2197768250151982e-22,0.06471525300348241,2.304491401868975e-20,0.02386366359607166,9.922811683270866e-22,0.06605448032291453,2.9301139712364447e-24
3.9213102172819715e-37,1.5396586924453825e-23,0.0060925680353556815,4.607080350246302e-37,7.268667880564365e-46,1.8174729344467626e-24,1.0569089916113645e-10,0.00010460752467721821,0.012425325982403427,3.1931825311690476e-38,0.026700904491142822,7.970881158686045e-26,0.00844380271643964,1.0294879182921482e-05,0.013987703301238432,3.2937340560350565e-24,0.0007793219783887021,5.9471762143649156e-27,1.384915272460662e-20,1.5035811270651766e-35,2.3949199598612095e-06,6.341052871838444e-29,0.012976434792231706,1.4094645568262267e-27,1.0159781642277508e-11,9.59996118947051e-21,0.012585728253407799,1.360483271550337e-22,0.01796365203808638,2.3542157802297405e-24
1.5702383345605541e-37,8.1542006586941e-24,0.008519700360714866,9.25392296480736e-38,1.5457435861358251e-41,9.413499615234326e-25,0.01178245084045529,0.00010994951955926256,0.005149934378602155,2.8022830377936254e-37,0.01049027766081346,4.981849966278559e-23,0.0009141817680341539,1.2640462526626712e-05,0.00014665392037733048,1.1808350098322627e-24,0.0003698475265356307,5.489510632591812e-27,0.021353376481809343,9.602418256539229e-32,1.0144632658565003e-05,1.6829490554620967e-29,0.013408408433544163,3.1672841685928744e-29,0.018330971440064087,2.1752519193764124e-25,8.268603602551902e-25,9.62991992158736e-23,0.0029999916204873542,2.1276332653902515e-24
6.017008996349796e-42,6.3933459847223284e-24,3.019128377235895e-06,2.481206155103993e-37,3.045064299416436e-41,5.131028784728969e-25,0.005157712611191427,4.6541476847344885e-11,0.005508241766393942,1.95947263694485e-37,0.0009480136650445225,5.0095340931142044e-23,0.0011737473838575553,1.6088744248872945e-05,3.8115511240748655e-11,2.8241460732154403e-24,6.174441013480572e-07,7.097330731759974e-27,1.1966823795257469e-34,5.764638218693715e-32,7.6728531286885e-06,9.546958678451879e-30,6.026149870376436e-26,2.2292154012677512e-27,3.163495012515809e-37,4.28631864097389e-21,2.1186624231466237e-24,1.7428541985244646e-27,0.002023945606467632,4.948577660340191e-25
3.6561715617185875e-35,1.3200454166509451e-25,9.688933770595982e-05,9.845144148707453e-29,4.063775173355628e-27,1.0308214776283672e-24,1.8815977734490134e-06,1.2091651782663265e-09,0.007572330440890829,2.2309245523902075e-36,0.001857161736985384,6.346089575906512e-22,0.0014254691607263274,2.285203262211168e-06,6.293453734693506e-11,3.2542134165972905e-26,6.698149462416058e-11,5.861732279646561e-32,2.463677572474104e-24,2.0536955331437827e-34,0.005952854286781464,1.7905265922379157e-25,4.565995613260443e-21,1.5730053569668634e-26,1.4445288427152143e-38,3.6388308555169e-22,2.0870788610360397e-26,2.119883474864724e-24,3.6082880030058317e-11,7.601872949571659e-34
4.608634427461725e-34,7.833711285043463e-24,6.125671324225411e-05,8.742217013822444e-29,3.814894501590473e-25,1.194543382007132e-20,0.02078484365385902,0.0001272604511610031,0.01155488269056578,2.1353484947658893e-30,0.002084389555960621,6.097241399647845e-22,0.003243722482825169,1.4892221506208645e-06,0.010222162532919988,1.066612180676197e-26,0.01456453177713881,1.9236239013534447e-25,4.776671506990578e-25,9.031927059247836e-35,0.059472543921807876,1.8342862473944807e-25,3.185789695231357e-20,1.0035191102127833e-26,1.5528929570964196e-32,3.291920926297583e-22,0.005341909890291358,1.7624144033594876e-24,0.0015037551576689828,2.555424985609189e-27
1.575351794894943e-33,9.094735233864374e-24,0.016477571310641648,1.3526039816278195e-32,0.022663786143369526,1.525336006350546e-21,0.027640542532786087,2.0736412289460872e-07,0.04406065410659842,1.048840735669279e-37,0.006675276796023512,2.0206435922002717e-23,0.0137185292903096,1.6934603467870384e-06,0.037555162988441124,7.88705702350884e-30,0.02843053335823906,2.845823966268682e-25,0.011787823049977983,1.8954415131953717e-41,0.08718243642178,8.133567311464753e-26,0.027910147316923,6.900888083224115e-27,0.06307315037770606,3.9047696717327446e-22,0.04628120011387669,5.1819878448923095e-24,0.022885254572897085,1.187242407927253e-26
1.3308941203461705e-39,2.128965211422696e-23,0.09726271727959537,3.71971925124124e-33,0.0676879240818953,0.0118000734842684,0.11064906591650586,5.679052991526861e-05,0.09729522412470468,3.6114336782120876e-32,0.16284088512308253,6.533858132345062e-29,0.13876380209600744,1.023036254464896e-06,0.09256233122350126,2.9282845140503853e-23,0.11926092764072505,3.857965616328914e-26,0.025067696202031916,3.8645304824019267e-35,0.05282937335813674,4.88921136284252e-26,0.11410392592307968,7.044669302367137e-34,0.06379826160676563,1.2513251714150656e-21,0.08619333793619881,1.2194954405216512e-29,0.154523109412684,1.2882110908210767e-25
3.5277211097494424e-35,6.5805692769349225e-24,0.1841594575247138,7.878764051865714e-35,0.1919724375739577,2.305296748073849e-20,0.03823628813558744,1.8596547023718768e-05,0.13839071309452775,1.573249267128154e-34,0.0648506044317484,5.859286714069901e-22,0.15362884698766144,5.098194735952974e-07,0.17873975884129434,4.1708044859112596e-22,0.15440444952415172,2.4575020706444477e-27,0.200202637885414,1.4939042157835653e-32,0.00028196315048197436,1.1267529494935094e-26,0.1290658929484377,2.1846714619377368e-26,0.17690587526176188,2.749451934643895e-21,0.08007779628615534,1.4572020758431148e-29,0.0318937873450609,1.8439251631505654e-24
4.2322983675997895e-37,9.0251387323843e-24,0.08879086703337116,4.711018244669342e-37,1.163948856267053e-24,1.1328882420293428e-22,0.060158664039153174,4.1687873806717134e-11,0.0693363824178169,3.938225347096775e-36,0.020060936990886107,3.5307177223709644e-22,0.10110989415940305,6.108696418139927e-12,0.08453940068411735,2.5319533836726254e-24,0.022715366079318598,1.5060795298837009e-28,0.06749071698682538,5.996754565816549e-32,4.043569376961531e-05,1.7090214825475158e-28,0.1288572814925761,3.2568559020182554e-26,0.07003000890948224,7.452888740634866e-21,0.032314598131905334,2.4082099111737696e-22,0.03699873683662948,1.3180839430531366e-23
4.43099654833556e-38,9.285711593463315e-23,0.0012891185655710751,1.3789960635833938e-38,0.02604036836102077,6.749185164634196e-24,0.035364376360733106,0.0001369443750542302,0.004500998585752001,7.0240899398429536e-37,6.986894193032584e-12,1.8240985012618517e-22,0.012751306182961476,2.077722234905255e-06,0.0194774858992392,3.5900608358629283e-25,0.02759391925514772,5.019051119752486e-34,3.74728558024566e-20,5.515232149646011e-33,2.3887649799401207e-05,3.8190614221921786e-28,0.0406776551263363,1.7940742713531268e-27,4.3617953154278056e-36,4.144420059876216e-21,0.02150103958259814,9.605506099478627e-22,1.3544245832711628e-08,3.5830858879763355e-24
2.989011803488611e-38,3.6020834125569764e-22,0.00099984211072734,1.814607417644337e-39,0.00424861278458219,1.2499196838740356e-24,0.008084789079454058,0.0001155414339238935,0.038763891172872524,5.455710063357726e-38,0.03171913547772021,1.3872842088217218e-22,0.010831042702871276,1.4301068913000195e-06,0.0006106022236552451,1.3572897112798484e-24,0.0009739508138805232,1.9791701381120234e-27,1.6622338340799738e-26,6.41910029129574e-33,2.4817832404341582e-14,1.2341473134797302e-28,1.2715772920435155e-31,0.004019068402175972,2.403177932974687e-37,3.9144809161977286e-21,0.006039095965972541,5.940959954694218e-22,0.013245303107415198,5.589625084762539e-24
1.8856757756584192e-38,6.579639469006622e-30,0.005600904191037759,5.044910677941734e-39,9.629762192879079e-39,4.187467204761355e-28,0.007726153690486147,5.035018558485394e-10,1.0409360835098418e-06,7.013057124669754e-37,9.361943513855041e-11,7.093216536138649e-30,6.47443044848073e-10,6.097195272189966e-06,0.00048541936991884947,1.1014191730196584e-24,0.000809125069465587,2.0526004211857435e-27,5.889806494736817e-25,1.2560957212696945e-36,1.9403723028966553e-05,5.801048897895552e-29,0.010064663186534279,6.680961548929766e-26,1.1134665951692503e-44,3.81255353023133e-21,4.5817562830783644e-23,4.499148231064745e-22,0.007721959189169366,8.34331378451836e-28
3.6868395377844753e-34,2.618557795229593e-28,0.00018076473884857984,3.368925178148747e-29,6.262967013152697e-25,4.5084603056007995e-23,0.011709338320847152,8.121023860245797e-05,0.008464061181764855,2.8351460113613557e-35,0.0014702639476857505,1.661507503720501e-24,0.00352857560667538,1.2522618730881379e-08,0.0005962044723461746,1.1769264243658256e-32,0.0023602107825962206,1.6645288926024198e-25,1.0743237064404036e-24,1.7191748732471109e-35,0.024470927605789998,2.9119939964808894e-25,9.428275747649384e-20,3.585673847612236e-27,1.083855215026294e-31,9.74310265602867e-22,4.5001732798240526e-20,2.1822276855518942e-28,0.002631882240820857,4.438751674437878e-27
3.5647067078833714e-35,1.4538196545122222e-26,0.005055783815922685,7.45464324511818e-30,0.009429608721706199,3.097392687301283e-20,0.009141043876349784,6.143136996642683e-05,0.010448291659107548,2.3587248650662067e-31,0.0014223693603853116,5.516841011822102e-22,0.0090670878547346,1.2623192227318418e-05,2.479385670089417e-05,4.520310594610924e-27,0.010219208071302367,1.7241423793565928e-25,2.4653745842490754e-30,1.540939672377595e-36,0.04227875257208992,1.0923139031770283e-24,0.013868835190245456,8.12744301899889e-28,0.007744363248589207,3.3652496048453344e-21,7.062689349997615e-21,3.988648901681646e-24,0.0061032063037643695,9.708756283288664e-27
3.026367926236244e-36,1.1468310448780282e-20,0.05881926725584701,4.356506248338345e-35,4.6393657081409066e-14,9.608089467087501e-22,0.033680788201939246,9.891444180271023e-05,0.039730744922603575,1.5560566502202103e-31,0.051086936951415564,1.4501257838567967e-24,0.017749201049968393,2.4507629720389577e-05,0.027298490036448953,5.348558230901413e-26,0.014817060010002213,7.598845669839767e-28,0.03143098420147569,7.543690244534273e-36,0.08322406066508328,1.2244959048420235e-25,7.591840478807149e-28,7.872745701402833e-28,0.008593971316889862,1.6330940723155733e-21,0.037463142476346106,2.696122582319048e-23,0.04180083043419498,1.4192387867109411e-27
2.1041586510956324e-16,5.53446922999198e-18,0.00044942658053116204,1.050864393993564e-15,0.14518452109325916,0.2728803247906393,0.07634191649016142,0.0003154705107586735,0.015302177332505454,0.32668827434394193,0.0818125083262988,9.453019012370241e-23,0.044830390421604235,8.331238294315029e-10,0.03465655561226608,0.10977261872821151,0.06640953548301164,0.2162431907487636,0.12309993874038763,5.427705393807887e-36,0.03261741784316272,0.24873937157455542,0.0650340672985819,2.6771281535480146e-28,0.04579275936194141,4.523438643526945e-22,0.09496197742899373,3.8962494962662684e-27,0.11007312884183974,6.48779298791975e-26
0.960474342242477,0.9898252820017301,0.05572920021058353,0.8705384721377698,0.14344813901422235,0.7042545482302219,0.03517017522080288,0.852066916207029,0.029340754683452604,0.5823317161041176,0.0599625944361061,0.8845972026998341,0.08707488017622368,0.8288727074509378,0.028932577861750707,0.7585956539218761,0.09967484495363378,0.7181348194851925,0.07389918719261229,0.6716006947358454,0.00036424692111211023,0.694260343625986,0.06717214605254618,0.7213696176586456,0.10863472866908373,0.7433462496183522,0.10975483907913788,0.7991613563459545,0.058742995382184846,0.7553873988183957
2.5452073221185393e-33,1.329230625297405e-28,0.10445020536048882,1.8539118952670288e-38,0.08761827268778488,2.9633893937916863e-25,0.07577253471271717,0.018993241212686373,0.0009891258454851946,3.2580117549070623e-37,0.03863291331356398,0.041400589111665206,0.005339083412072273,0.08891147927412003,0.07992662376605908,2.988860188092861e-29,0.07298817548747737,1.4952131547804058e-28,0.03626947558119694,0.20825359319052592,0.00012628250191075847,1.256411984019536e-33,0.05648872035486642,0.17871847799561744,0.006420739444364772,0.17006262704660263,0.0895662827358111,0.13874068926149016,0.02135432960943929,0.18949005790625867
2.2608095392067725e-56,1.0863878071175269e-29,0.01623994157935773,3.248015605147914e-42,0.017465494402802616,5.496229595800773e-30,0.032356325652073775,1.397878840319862e-10,0.01878286323454718,9.666116437474407e-43,0.0007122219117350609,3.19453374555332e-22,0.015242153387634258,2.1387112452736574e-09,0.03192437475708492,1.9437967464071377e-25,0.034342647782006006,6.808938441214283e-36,0.05682259545043854,3.657433042792406e-33,3.012876812288554e-05,1.2993064406382396e-27,3.89876211836706e-23,1.9329158038706698e-26,0.057860173956389455,1.5385683396566992e-27,0.03999403658659711,2.679127037456965e-19,0.03215774955084002,1.409255657170727e-23
6.767678220370379e-40,8.219040008440948e-24,0.004220805998612154,4.168724443666536e-40,0.001540839216164471,5.78078775112058e-25,0.01920332460425191,0.00014502199649492283,0.002950042692480166,2.315681585537447e-38,0.028438499444514133,5.872258711240919e-22,0.010554266050700438,2.927490425902158e-07,4.2714284927165754e-15,5.5202396898562735e-25,8.70368740326759e-15,2.8451126428215394e-27,3.7184282677846914e-30,1.0824544918252567e-32,2.229827581824944e-05,8.03430772137307e-30,3.727432433901965e-23,2.3310554890375428e-23,3.6066049383426513e-56,9.716858819600864e-22,0.0015013797017333617,0.004985943164669514,0.004857709694847997,4.128122996043106e-24
