filename,PRD_MALM_11_080622,PRD_MALM2_11_080622,PRD_MALM_12_150622,PRD_MALM2_12_150622,PRD_MALM_13_150622,PRD_MALM2_13_150622,PRD_MALM_14_220622,PRD_MALM2_14_220622,PRD_MALM_15_220622,PRD_MALM2_15_220622,PRD_MALM_16_230622,PRD_MALM2_16_230622,PRD_MALM_17_230622,PRD_MALM2_17_230622,PRD_MALM_18_290622,PRD_MALM2_18_290622,PRD_MALM_19_290622,PRD_MALM2_19_290622,PRD_MALM_20_050722,PRD_MALM2_20_050722,PRD_MALM_21_050722,PRD_MALM2_21_050722,PRD_MALM_22_070722,PRD_MALM2_22_070722,PRD_MALM_23_110722,PRD_MALM2_23_110722,PRD_MALM_24_110722,PRD_MALM2_24_110722,PRD_MALM_25_120722,PRD_MALM2_25_120722
datetime,2022-06-08 12:05:00,2022-06-08 12:15:00,2022-06-15 17:05:00,2022-06-15 17:15:00,2022-06-15 18:25:00,2022-06-15 18:35:00,2022-06-22 16:44:00,2022-06-22 16:58:00,2022-06-22 17:52:00,2022-06-22 18:00:00,2022-06-23 11:30:00,2022-06-23 11:44:00,2022-06-23 16:10:00,2022-06-23 16:26:00,2022-06-29 10:14:00,2022-06-29 10:24:00,2022-06-29 14:50:00,2022-06-29 15:02:00,2022-07-05 17:15:00,2022-07-05 17:55:00,2022-07-05 19:15:00,2022-07-05 19:35:00,2022-07-07 13:50:00,2022-07-07 14:20:00,2022-07-11 12:05:00,2022-07-11 12:15:00,2022-07-11 16:30:00,2022-07-11 16:40:00,2022-07-12 12:40:00,2022-07-12 12:50:00
injection,Stem,Soil,Stem,Soil,Stem,Soil,Stem,Soil,Stem,Soil,Stem,Soil,Stem,Soil,Stem,Soil,Stem,Soil,Stem,Soil,Stem,Soil,Stem,Soil,Stem,Soil,Stem,Soil,Stem,Soil
0,1.7794312473491507e-43,7.610495006086899e-24,0.0031053772425096247,4.3101169554788324e-35,0.0006424652941815117,5.7897549425714055e-25,5.1090954565310455e-40,8.421114130830606e-26,1.1999213457448755e-23,9.509050181851967e-22,0.0063487422444760185,2.7469410791299915e-38,8.571780564749916e-29,0.0002499682769063217,1.785595481390909e-22,1.9480340598927554e-24,0.0011750208767600735,0.0009852329900495763,2.98169582816564e-09,8.020067374130604e-21,0.005154149727185205,1.5237580360982227e-24,9.995455888215536e-05,2.6695100217962677e-27,0.006219649514688492,8.114268790842749e-24,0.0013191917383528705,4.701395564806623e-27,0.004500850724100206,6.32336926461189e-24
1,5.096059408817189e-42,7.269980432735076e-28,0.00025548586584919823,1.55945440253533e-29,5.877714309643485e-05,3.656860560426033e-25,3.8042919470459966e-45,2.3953111754575634e-30,3.337339988374582e-27,8.508189495834405e-22,9.990804986585386e-05,3.97017824119362e-39,6.032812592406754e-34,0.002178903132971856,3.709794050086321e-34,4.4330172006321014e-33,0.00013780933539587855,0.001695545839461882,5.688520882404571e-05,5.708355417156893e-21,0.0007524752293125348,3.9676830646992976e-27,2.267242732535262e-08,3.371025687812141e-32,0.00043270181085308787,2.3493542769898963e-24,5.8306665902689876e-05,1.3911521137561225e-27,2.6468714727503545e-05,7.214468205612273e-26
2,4.480972091682548e-42,8.027757219858197e-28,0.00022699579272461907,1.1333901412256563e-36,5.0277026385147085e-05,1.7468495132536462e-25,7.12193028877417e-39,7.034709115213057e-29,1.153344752169263e-27,1.109441821927247e-22,6.762052308293108e-05,1.4479164018349165e-39,2.8451631362606043e-34,0.0005971270072896665,5.376926712235748e-28,8.813217118995727e-28,0.000136888574017128,8.76204638073229e-11,4.8221196893998594e-05,2.164789880182512e-28,0.0006455078199889654,7.082591045218516e-28,3.2353987702250134e-05,8.196357705035056e-33,0.00036360440756911063,5.0175673829542175e-25,4.829025833646552e-05,7.672534156924453e-28,2.1194031857512668e-05,2.5806268718967396e-26
3,3.495428116895758e-42,1.134022657346972e-27,0.00013273095272703137,3.1119506414096256e-30,2.945422981198717e-05,2.0740741859352927e-25,1.2501861052593848e-46,1.7047994039862784e-24,9.239761571690577e-29,1.768291822607934e-23,2.7262722815912776e-05,4.3400714609078865e-40,4.569184942163731e-35,0.0001795035147694037,2.2674488987825455e-29,1.990510039085783e-28,5.291835663689446e-05,0.0004162140513137398,2.5622286418582207e-05,2.6502802944058013e-22,0.00043004640807946606,8.230865094019829e-29,1.4256902573999405e-05,1.5997188744325275e-33,0.0002423492693622752,8.165220008619356e-26,3.2420865102330915e-05,2.3590754557861417e-28,1.2617601352145945e-05,3.224531133553965e-27
4,2.871743326204649e-42,2.4189192239374645e-27,4.1799629215200604e-05,3.8281607340637214e-38,9.989734302035235e-06,2.821965784932926e-25,7.265631007745687e-41,1.0542640067345944e-26,2.8075799701501183e-30,1.2395864670628073e-24,7.18507333075318e-06,7.731131757409551e-41,3.522263701408685e-36,4.26309186693439e-05,8.163301898851119e-31,2.2659408669246408e-29,1.0420990351411877e-05,0.00022626144506910492,9.9400438985952e-06,2.867969156313237e-23,0.00022484394888554668,6.937994728796889e-30,5.086635455737337e-06,2.081790393401694e-34,0.000132402463255381,6.491116103001592e-27,2.0144597371690372e-05,5.416970017809574e-29,6.278603312862021e-06,2.1948223248768163e-28
5,3.7511934566960524e-42,7.913603385842387e-27,1.1413279135771666e-05,1.2155734758579339e-32,2.92552782193307e-06,3.4736471529652663e-25,7.988907071598064e-42,2.601299116641159e-28,1.203325977143048e-31,1.0423683478934165e-25,1.7212149896223962e-06,9.412202720909764e-42,2.8213550336149267e-37,1.1215000552361303e-05,9.150915382354404e-32,3.862143831325374e-30,2.493331706304937e-06,0.00012383238279328239,4.9683522174819985e-06,5.655111489674285e-24,0.00010987512537233307,1.0312330467641624e-30,2.0578492255953458e-06,2.8282577751776553e-35,6.612726906939308e-05,4.642461232812102e-28,1.323595826039999e-05,1.1388269204382177e-29,3.081498878957282e-06,1.1952731623454945e-29
6,1.0001576026268727e-41,3.578665840235368e-26,3.54174483712963e-06,8.707914970159616e-34,9.036194713733692e-07,3.4177114143291754e-25,9.943120751366338e-43,1.9240278464153172e-29,9.927995805206903e-33,1.2026299060529392e-26,4.847246356098148e-07,1.1493089118346316e-42,4.14066456312826e-38,3.7310863944322466e-06,2.1179003070046284e-32,9.606285969530527e-31,1.033911917776489e-06,8.363594724779895e-05,3.307382515897421e-06,2.076047390935727e-24,5.905224151623944e-05,2.2616459551335177e-31,9.444673733661048e-07,4.857977212669028e-36,3.115969599742801e-05,3.7223149194042486e-29,9.29387863824039e-06,2.134879190401267e-30,1.5412135276480567e-06,6.03599774676898e-31
7,5.512680426529418e-48,1.0662618087599593e-25,1.5024522001042018e-06,1.3969791987961321e-34,4.0283181666499555e-07,3.1189050474609677e-25,1.6164821092531898e-43,4.328731029551808e-30,2.1563368016584698e-33,2.9519824718081506e-27,2.023503724962585e-07,1.9552198651795077e-43,1.3473896458619874e-38,3.24272157011516e-06,8.887475691936028e-33,3.964918121544475e-31,6.704734258728073e-07,0.00012504327412711833,2.654037668940055e-06,1.154046678571625e-24,4.122047793537555e-05,7.586116600334363e-32,5.33431330115305e-07,1.3179828628299207e-36,1.7066048471986145e-05,6.161027980880068e-30,7.24663158701322e-06,4.2429764817506875e-31,9.001189736191651e-07,5.499858299841988e-32
8,8.698559206991242e-42,4.1980610303839375e-26,1.3668389975530175e-06,1.1577558960541453e-34,3.6205600222494543e-07,3.6883436139674146e-25,1.4115932519697363e-43,4.1370769156753975e-30,1.651870870415004e-33,2.1797832123235966e-27,1.7472974792198812e-07,1.2065786035209192e-43,1.252736701739983e-38,1.6978438721144077e-06,7.990211257144027e-33,3.5286530934430353e-31,6.603799431020502e-07,9.533773570353139e-05,2.612013699803516e-06,1.0563290031962279e-24,4.0416949205705377e-05,5.558405715346561e-32,4.754029044069226e-07,9.401558474100427e-37,1.4544674638048818e-05,3.8214832339582625e-30,6.885986132394684e-06,1.9607131748763726e-31,7.735030286195585e-07,2.4270127702264495e-32
9,5.724811816609234e-47,1.2101747687386878e-26,1.6329683457407044e-06,1.6957222614467455e-34,4.184370696256348e-07,1.160501603850966e-24,2.668787110003026e-43,6.144195239730919e-30,1.9801795448929496e-33,1.1516741639588193e-26,2.025681114103425e-07,3.215059960733142e-43,1.6942026094968947e-38,7.191318696660839e-06,1.4168988522805937e-32,1.0468265996306788e-30,7.793939263131229e-07,0.0003138626017444718,2.7892210774364007e-06,2.0438666546108492e-24,4.427610110259112e-05,1.7497082416066967e-31,5.224981077746728e-07,1.934331055575769e-36,1.5425091957867027e-05,9.971282986838824e-30,7.177155899255525e-06,1.9904949120016307e-31,8.068330046906046e-07,2.898555716903087e-32
10,5.887336589076286e-42,6.701899259005279e-28,0.00014465485477490678,1.0704557820494762e-29,7.0591664462211e-05,1.5932518546973812e-25,7.047186631148512e-38,3.270972241720505e-21,1.0248242777911092e-26,6.2806121011351765e-22,0.00014734647002106685,9.154432375753132e-46,1.3006494684608631e-33,0.0014135775154505315,1.2987178332008522e-33,1.4525673997525773e-28,2.0397169783275774e-06,0.0003799577445472733,4.3495464978843525e-08,7.239678979097389e-21,0.0008771202337739148,7.001095479112843e-27,1.7144620217607342e-09,5.147395134955556e-32,0.0005307387343504503,2.715288765669374e-24,7.323089101298924e-05,3.0125822903958447e-27,3.371979055464616e-05,2.4785990382744747e-25
11,4.9978922382823906e-42,6.739614233531073e-28,0.0002662822119989558,2.2991677102733205e-29,6.415421579830662e-05,1.6926632277492785e-25,2.281385637096678e-38,0.018809469848015063,5.661492126530336e-27,5.430931537970125e-22,0.00011763197675982695,1.5926237905219645e-39,9.385646354377927e-34,0.0033914412084753644,4.54079692809649e-26,3.453924303568373e-27,0.0002779726153176116,8.278264362097172e-12,7.831642466849904e-05,1.3108737056179519e-20,0.0008205938766297883,3.740444925751105e-27,1.7807699225396243e-05,2.1675895423972202e-32,0.00046689197552931346,1.5319117825332727e-24,6.784494626264209e-05,2.106299157765431e-27,3.138075802482342e-05,1.2900853981392346e-25
12,3.399686559181927e-42,7.997042007622624e-28,0.0002897915006394002,2.0557942485528034e-29,4.441849279213971e-05,1.7357443084529579e-25,5.76600431005334e-40,7.359003048610785e-25,1.1122899652568226e-27,8.024360998719374e-23,7.241807959692135e-05,4.9480527974000996e-40,4.445736349722182e-34,0.0008284460490443352,1.0791553690741774e-27,9.139903378427525e-28,0.0004123644647522104,0.0012372275514072168,6.525586689354528e-05,1.8819640270640076e-21,0.0006694760696121383,5.311999335246116e-28,2.9194968189741082e-05,4.4262571217801206e-33,0.000324435087726218,2.997095725453429e-25,4.848874526697419e-05,7.471181912728035e-28,2.1738433066260283e-05,2.1550257438781118e-26
13,1.9289188801122192e-42,1.802055237773967e-27,8.734187729112343e-05,1.6165226807882313e-30,1.4926544241504998e-05,2.7069665512087405e-25,1.033747398803242e-40,5.731844260698846e-26,2.685236205648878e-29,3.8092246727936836e-24,2.0585417919576933e-05,1.6367702433735885e-40,3.0789997931391643e-35,0.00010212145814092897,1.4355298965057605e-30,4.2198288299306033e-29,1.8874760280786318e-05,0.0002800761679656683,1.1274975491605744e-05,4.395151860797045e-23,0.00041520739757724745,1.997293174341617e-29,7.15576223649002e-06,4.968289321887786e-34,0.00016004158021737508,1.7691151142294392e-26,2.473240672595839e-05,1.4190085417860897e-28,9.044606430551819e-06,1.139117747144566e-27
14,2.122972439466768e-42,6.565047449852266e-27,1.566742287447026e-05,2.9777277042551656e-32,3.61673199891512e-06,3.7663792446409535e-25,8.390293760295667e-42,3.986670406095983e-28,5.060588250724281e-31,2.6309020063747328e-25,3.185116951825387e-06,2.2192455615707567e-41,4.446562724314362e-37,1.739812297949529e-05,1.132238657613275e-31,5.256973135095256e-30,2.801800448467508e-06,0.00011849040033670961,4.9103567139209345e-06,5.8179700713460996e-24,0.00015739605871974716,1.8679528644153437e-30,2.7144030744012134e-06,5.597217370486096e-35,8.088301298914235e-05,1.1289915204605938e-27,1.5098339481552905e-05,2.8327910350522653e-29,4.280844443145468e-06,5.232671988594998e-29
15,8.53853813241543e-42,3.508742950637247e-26,4.9489476271394015e-06,1.7308777072859122e-33,9.280300614734713e-07,3.767036526012374e-25,1.1315242071609721e-42,2.4550135282034674e-29,1.9347764874351784e-32,1.8827757199845008e-26,7.018269408567321e-07,1.9514631940672726e-42,5.891339613771872e-38,4.666761982473868e-06,2.5368693538603193e-32,1.1436665580104685e-30,9.74148701260821e-07,7.74860892341082e-05,3.214762884023568e-06,1.980100571768192e-24,5.608267545938133e-05,2.7992398485676227e-31,1.0755985041131985e-06,6.332505158137264e-36,3.488749032288854e-05,5.368869165132118e-29,9.74286997180162e-06,3.0782971491537053e-30,1.76500009168871e-06,9.406959370139002e-31
16,2.1828952990687694e-45,2.1423381853243138e-36,6.249588351297158e-07,2.2715519481087908e-35,1.7323858332086477e-07,1.7934130373716073e-25,3.858972340407959e-44,8.915612785645405e-31,5.24767134183977e-34,1.0768262511090842e-27,7.828615170488528e-08,2.594234741839318e-48,3.4360226996878896e-39,9.410403780316655e-07,3.471681411126172e-33,1.5074440093658845e-31,4.013929800778393e-07,5.476473353818766e-05,1.989717441115898e-06,5.743828927265091e-25,2.6779257427597535e-05,2.5121145801572247e-32,2.8254809455131905e-07,3.389174636414391e-37,9.113820729824376e-06,1.1542324556924673e-30,5.389097901611129e-06,6.289444412343744e-34,5.098310966159139e-07,4.195366154049622e-33
17,1.7083256513234485e-45,7.407160361575895e-31,1.2969475236034669e-06,1.0487327966753767e-34,3.441466228891653e-07,4.739312398818412e-25,1.3810918555000349e-43,4.149286569785877e-30,1.4110539072960382e-33,2.035869707644766e-27,1.60836896245592e-07,8.823354930455429e-44,1.207278867959289e-38,1.6016460349394813e-06,7.662950681094718e-33,3.36667056228717e-31,6.654101414864853e-07,0.0001219300043663366,2.609054111528351e-06,1.0115257673474123e-24,4.0423964248830415e-05,5.172726744342188e-32,4.459688117631854e-07,7.875654308250305e-37,1.3203558675478777e-05,2.8962093126294104e-30,6.706189353362018e-06,1.0234207054311257e-31,7.065725973426451e-07,1.4850080378023438e-32
18,1.4162506796096022e-46,6.783423183991511e-34,2.3149921128135477e-06,3.5528463042221777e-34,5.779349902961513e-07,7.004655063243635e-25,7.909237251673489e-43,1.3745892031739545e-29,2.9821986738085315e-33,3.2861064160747554e-27,2.780843098378092e-07,2.6206646028156113e-43,3.259019959018753e-38,2.4079973766761956e-06,1.5577653595131406e-32,6.826842864000401e-31,9.881414633903e-07,0.0001176525595576737,3.2624325553825738e-06,1.6311902230615094e-24,5.4697770800548275e-05,7.420123096142229e-32,6.634289278942336e-07,1.4975757851446374e-36,1.847693372402554e-05,6.576953711268807e-30,8.012116915982345e-06,2.6904899254233596e-31,9.351816567053e-07,3.300303245689269e-32
19,8.841803120987863e-42,6.058798600043293e-28,0.00024345785409367907,2.835737901896066e-35,3.601983007673325e-05,3.322110324190413e-26,1.914801903318283e-36,1.7191039921809832e-21,1.47311242312778e-25,2.8071524694604927e-21,1.7955215503507436e-11,2.2835033184395825e-40,6.446864451079997e-33,2.3508678580776947e-11,4.688381653683133e-27,3.166879801732067e-30,5.033716033558042e-12,7.101684074439046e-05,1.5665622288310838e-11,5.672254414758333e-22,0.0007109066257094753,5.688279296175356e-25,4.3236252527752946e-11,3.009038338556929e-30,1.6436558422695652e-10,4.563914722859648e-28,0.00012199331672506615,4.8929305550470754e-26,1.1065787064416263e-11,1.2527794944751171e-23
20,7.388539802974138e-42,5.111815476010686e-28,0.05952716728036372,0.053847575189214444,1.6146037513924724e-05,1.1451663997651063e-26,0.08978759209559295,0.048725349875446494,8.401275110223439e-25,6.136540989104982e-28,3.933384542284615e-05,0.06104612640459922,1.4863252459288355e-39,0.052582966947807494,0.10202675896539595,0.07166341137593495,0.057581126257874544,0.028007568601374787,0.09775103849309089,0.0768220681589264,2.1578741513739604e-10,2.552627671550359e-25,0.04383059450623479,0.005177168349029421,0.04787677623132539,0.004132677151443938,0.023312430892352316,2.180485651963048e-21,0.0385655964670604,4.981882074889554e-22
21,3.410798118080414e-42,7.8775478346863945e-28,0.003096100274931377,5.762716723007893e-29,0.0001015268859389617,1.6425198389767288e-25,3.892195333553404e-38,3.844766107851785e-23,0.006321502539602657,2.871343779532477e-22,0.0297401474470051,1.3987736117334286e-51,0.04247578464818471,0.0016525535501165506,6.803113902572168e-29,5.841445271661207e-28,8.163843906168571e-05,1.5377872124274493e-05,2.3556852872402994e-05,2.9121286314332132e-22,0.005934414983315972,2.192362103447257e-26,4.96575617877148e-05,1.831134553453874e-32,0.00031991975647792956,2.8160224729766237e-24,0.00010533364692734527,1.859700636940235e-26,5.524179321628262e-05,4.887758059187973e-24
22,2.459419313467246e-42,2.1706154438134968e-27,4.902067746326014e-05,1.866340765014003e-30,2.4081488357118656e-05,3.3709105925309065e-25,3.698803134680345e-40,5.847154198261131e-26,2.574221010316182e-27,2.5540111855318817e-23,4.157594175238656e-05,5.8017769572844995e-40,2.1485803455993177e-35,0.0003844554836571585,1.9819336469628023e-30,8.747297613254156e-29,3.130357017041612e-05,0.00020286723297343383,1.2336054083089071e-05,2.5003348720056468e-23,0.00697833398131791,2.5822260521778807e-28,1.629403986214539e-05,3.496594639229267e-33,0.0002220082680687632,2.070585125025722e-25,4.113106631857537e-05,2.304642064201371e-27,2.4963699865260185e-05,1.1976757973261955e-25
23,1.3886511929565435e-41,9.940851930520217e-27,3.411391575005691e-05,1.9252380851465403e-31,1.0729896066818327e-05,1.1927269724226728e-24,3.2235673954950296e-41,1.7337841794696216e-27,3.408342193556767e-29,2.041089776474288e-24,2.942818217437533e-05,3.73648219185237e-40,3.550867829450818e-36,9.323544469407403e-05,6.57311631643495e-31,2.459482242124084e-29,3.542682814105763e-05,0.0001432402367302587,9.253365661258337e-06,1.8207963458136676e-23,0.000363543790527356,2.1437287091913478e-29,1.8869009101680718e-05,1.6882185380280758e-33,0.0002125512377585883,8.686065305735732e-26,6.75276550969418e-05,4.288267155488304e-25,3.1741082727104e-09,9.195331793160464e-29
24,1.3761225260568333e-40,7.055046350014906e-26,0.00012249632480750778,1.4649129526914872e-33,1.3501718340254521e-05,9.955875186725567e-24,2.701658591830071e-41,2.686233413171179e-26,1.1958983631035444e-30,1.561565701611861e-25,1.3973549986874702e-05,6.049922597006344e-41,1.6682594751726358e-35,5.9269403947200374e-05,1.1406703544645707e-30,3.5833566826673264e-29,1.1818391399323856e-05,0.000826540271069859,1.1691861049313268e-05,4.977281635528939e-23,0.0006123962429167379,2.0146798002004132e-30,1.1709670326353885e-05,2.7403197774766093e-34,0.00015721349001822482,9.348852987904409e-27,5.317929723579839e-05,3.976152606445108e-28,1.803227713899394e-05,6.116731114438258e-28
25,0.00513621894441787,1.0171777985533633e-24,1.6965387071486406e-05,1.5569545667329428e-32,4.032316383370435e-06,7.395056698440588e-24,2.150950671972798e-41,6.60194207827983e-27,3.1449898914329184e-32,1.5005441478624584e-26,1.8124485901207124e-06,3.45157192083921e-42,2.7765588027632354e-36,1.2946600982364508e-05,3.9304625467894827e-31,1.4155443304954297e-29,6.931653353106068e-06,0.0008023460302989155,1.0816816383198193e-05,5.054744042775334e-24,0.000502358827795086,2.859958403974875e-31,3.04908358646033e-06,1.9435329722907996e-35,6.124001325244104e-05,2.2446664751731517e-28,2.2269449028575142e-05,4.6608056666318254e-30,3.885953991895948e-06,1.0992792937957632e-30
26,0.035224114394317,0.006738645007328038,1.2090504860942143e-05,1.394267863607029e-32,4.001792463112116e-06,5.773695447848384e-24,6.333496070156456e-41,5.555996417784603e-27,1.8474452494401215e-32,1.0444688462889918e-26,1.3509832774756927e-06,1.8891022598788427e-42,3.340059762064272e-36,9.403130799324469e-06,4.740133962544222e-31,1.810465523859008e-29,1.6011896259193468e-05,0.0002047256588298064,1.2040099583677198e-05,1.0241340264971932e-23,0.0007493635659735109,2.43571081863484e-31,3.4776023077024618e-06,1.4838435086097627e-35,6.229669941331864e-05,1.3080397535362614e-28,2.6083720336781713e-05,2.466563024098778e-30,4.034359585084653e-06,4.5805685851543015e-31
27,9.862393479377612e-36,5.943634637318462e-34,1.0135155337389323e-05,8.500684502529122e-33,2.994645610859305e-06,4.051122911708017e-24,4.950492582983585e-41,1.4341043181040953e-27,1.978779688550837e-32,1.231083532444487e-26,1.2028261631006553e-06,1.9371371484935314e-42,1.0618917204651868e-36,7.558652758110963e-06,3.257832977225666e-31,1.3454148920280979e-29,5.230752286575038e-06,0.00011459840798554681,1.0073039994948088e-05,1.3912617794427182e-23,0.00021126797380427407,2.635462533262453e-31,2.6206668169883715e-06,1.0403940044805647e-35,5.453685332578386e-05,7.841091094267393e-29,1.786610368989892e-05,1.6569822441931103e-30,2.820072495130425e-06,2.7461049141494636e-31
28,1.748523829045775e-41,7.512297477682509e-28,5.6012676016054234e-11,4.41435329274351e-28,4.6268037090353484e-11,1.5551740596742541e-30,3.30649044108999e-36,1.0566891526730295e-21,1.4019622267140315e-28,1.319723302120908e-20,0.00034771757785551836,4.415504214024563e-33,5.650784006655086e-41,5.221693638325997e-10,1.5585376960282529e-28,1.888127182212995e-26,9.522929071336636e-13,0.0002581591066347656,2.4645329831616797e-05,5.8294728192311374e-21,0.0002745093114551454,2.0573890443957454e-24,0.004334139619001128,4.052270642695355e-24,0.0015573814999315049,7.188373986084495e-22,2.3130941926806383e-07,1.3853515874171876e-27,0.0016884852134302782,2.6563606668460066e-23
29,1.7035650828003728e-41,6.800457339647148e-28,2.2783595196358352e-12,0.006021133594326271,0.0001775706671871088,1.1535763542014022e-25,6.052984795947272e-36,0.00785407004786268,0.059142997775770575,0.06240905904166302,0.023317450611627447,0.003414455606056481,0.020501344801880608,0.005581783428919705,4.969465612342157e-29,2.8926217292613787e-27,4.668994177078368e-05,0.0003471526453882534,2.4699349084391874e-05,2.7951829870496705e-21,0.09414888384125378,0.062018026999621965,0.007160552929907159,0.035137469164197827,0.003892882070472511,0.028126221155472173,0.013810548987872883,0.010775001136381416,0.006467637190197356,0.01294428384282503
30,1.6014540763443388e-41,1.3354021414150412e-27,3.844065363845258e-06,1.9421306310401556e-29,0.00014991548823910618,2.4091090823204126e-25,1.167474785396822e-37,6.374676624968627e-24,0.005630241149428448,2.303247438624812e-24,0.00018124480449219346,5e-324,6.477716108765128e-39,5.0668414049580424e-11,6.154491610012174e-30,1.967211173030105e-27,2.7006553954435632e-05,4.047188430978057e-11,3.506013720057429e-05,9.624745976504493e-24,0.003148003648115262,2.0676563649000364e-24,0.00018298851582120116,4.058042118126743e-40,4.3933694256109036e-06,6.866722881185594e-31,0.0028296603077414555,0.006459215035389873,0.0006170777872347644,0.0023261347802949967
31,2.684241872867144e-41,4.855334991788952e-27,3.1740071734920885e-05,3.0345232617942677e-30,5.7648225127614895e-05,9.445627547158286e-25,6.634611939396028e-46,2.391715404340927e-26,6.404508784795041e-26,1.3429893629709976e-22,0.0005926177934438395,1.0122593978713934e-46,7.89142034740034e-35,0.000931760426536914,3.362696715609892e-30,1.9695870544350556e-28,0.0002809453593768112,2.3270003323567734e-07,5.1575665150982355e-05,2.2913420052678693e-25,0.01640105063257515,6.536382037597312e-25,0.0012894487618930037,0.007697354434851847,0.001612861588779772,0.019090742356494616,0.02327324906998179,0.03715495790748488,0.015592319807271424,0.03385773060265969
32,1.2535876483662017e-40,2.3959440184070044e-26,9.480795758471087e-05,3.034891338462869e-30,5.6043882243892076e-05,8.959280211325762e-24,9.109247107525288e-40,2.9350263102879136e-26,1.158217499963877e-25,2.192559399370027e-23,0.0019851164346699414,3.199366868369317e-36,1.8494124341741082e-53,0.0018348406132055336,1.47128429495238e-29,1.5217390393911038e-28,0.0012554438571032182,0.013882507236863772,5.0485229731238775e-05,5.330067720320881e-25,0.0021546949096947223,7.223648396248263e-28,0.0017613562904035677,0.006108320737657689,0.0017035748670566322,7.828477219364162e-21,0.016356681862599316,6.280397051890031e-22,0.012979412725665608,1.161004551981851e-23
33,2.2510987698983363e-39,2.148603792108311e-25,0.0011585679114745674,0.0041217088773302804,3.162973949996722e-06,1.640538378339884e-22,7.112214304833548e-41,7.056894805806532e-23,2.311926290975825e-28,1.5136298722657642e-24,0.0005175816246624023,4.8290094897800424e-39,0.007170547119064419,0.0030868086944733936,8.806260195481232e-28,1.5833605338568217e-29,0.008113043469351058,0.005279791040871947,8.714381707477328e-05,2.1397999224010423e-21,0.05840420965499425,2.0012657810101078e-29,0.00020475719567095605,2.1050411206479817e-33,0.0011773390784600843,1.8351192475325392e-24,0.0010466597661390887,6.2181553279121775e-27,0.00011323868342302492,2.0837688589040112e-26
34,4.460287278945003e-34,6.495652961089989e-24,0.0005560066668563396,0.007424673843943404,0.004397625875895193,2.0524744196323222e-22,1.932851473850531e-41,3.2484821948525305e-14,3.4067756132639835e-30,2.216946689044029e-25,5.00973712183891e-05,1.6526053676107843e-40,1.0281554526093033e-29,0.0001346490742537861,8.699045419440614e-28,9.493616504479587e-27,0.006041632500777816,0.0003213267810412342,0.00010012149654477731,0.005489878212332192,0.006587052550630847,3.1931233811255734e-30,6.451614751724398e-05,7.546181494019679e-34,0.0005387831505005794,2.887017770441958e-26,0.00021173447436421096,6.96338207542366e-29,6.44814043665536e-05,8.084943917882198e-29
35,6.062873698154991e-12,1.435279247824619e-22,0.00014690550032824272,6.373736399053311e-30,4.8530208651277914e-05,5.819918614539151e-23,1.05317943263549e-38,8.557202265984803e-22,6.736486727253331e-31,9.590300593783703e-26,1.6481217634004876e-05,3.493596758562138e-41,7.320580851924029e-33,4.072381691315551e-05,1.1308267642601796e-28,2.725654585961824e-27,5.252258468007644e-05,0.00012363609765028894,5.6401131025724386e-05,1.613893611827841e-25,0.053601376848197074,1.577265468841355e-30,3.3864197958863867e-05,2.009674733333708e-34,0.0003568582982200364,3.2033049059320144e-27,9.545420191122366e-05,1.2403346944452833e-29,2.5051993455294505e-05,6.215256920707231e-30
36,9.25704049269179e-34,8.94240037275183e-23,7.267175734001246e-05,5.419022580233892e-31,2.8087371366480245e-05,2.8077053916585525e-23,5.273925187026556e-39,1.1707826344246038e-24,3.4331464116815516e-31,1.070181474736392e-25,9.287030449041837e-06,2.096831518610473e-41,2.4737985495327727e-34,2.994175270159136e-05,2.6498855073189967e-29,1.1275559830378937e-27,3.7992285781535905e-05,0.00012160142478475327,4.712439800280851e-05,1.9043912716635893e-22,0.001252915749120878,1.2832039739557004e-30,1.7768734763663348e-05,1.1650802055579713e-34,0.00023830191465309947,1.599193064501149e-27,6.00498160121322e-05,9.288994844491611e-30,1.471575653418881e-05,4.168290742874583e-30
37,3.674551235318993e-41,1.4239337645625887e-27,0.000263184512996091,4.840617858940386e-29,0.00022854514544951498,4.716246170853965e-31,9.372484737694904e-40,3.054482800502925e-24,1.1556312116740565e-24,2.0681039775718927e-14,0.00040651791450858904,5.892982216103658e-32,1.6067476786542953e-33,0.0002781152102293075,1.2310088734551604e-28,3.987612207445844e-30,0.00012673355081740793,0.00044424955593484066,5.193565069728348e-06,2.6807947999043773e-21,0.0004639956135550573,1.0026720508341195e-39,3.712020738205942e-10,2.9218006468684346e-25,7.488316998525356e-09,1.7399909064014662e-26,0.0002153844419214411,2.2486625179076138e-30,6.373956380017768e-10,1.3064893862625243e-24
38,4.386150362201825e-41,1.4139135061552754e-27,1.6057608695853936e-05,5.6937485228265046e-30,0.00019792705408559224,1.8744009260568974e-25,6.322379210080834e-37,1.9769803241077816e-25,5.086375794551049e-26,4.07539555302336e-24,0.0001360695955366399,7.590454823059152e-35,9.647931980252904e-35,0.00019311919745212277,1.2509493926375033e-29,1.5137936756378648e-27,9.660002036392748e-05,3.533260431384845e-09,3.058461762244485e-05,3.3134522642788145e-22,0.0007959972030959078,4.8878755282034433e-26,0.00226867982387663,8.019756862158749e-23,0.0074784901437407545,0.00213105062479637,0.0018907193811844886,2.502742882568672e-32,0.0015169351044985826,1.382643411113788e-24
39,6.948498091350904e-41,4.451333461800944e-27,0.00011805287894185441,2.265310632975287e-29,0.0005856735907298297,9.201754433871517e-25,2.4850138396620227e-36,3.7886425248711635e-25,1.0087941207948539e-28,0.029076484395175975,0.000185830260379623,6.81431919312441e-46,2.650269199558822e-34,0.0003858117369867867,6.508746246950232e-29,2.6896200543375364e-27,0.00010440939951975861,0.0008648126116753203,0.0002827724711240614,2.342265939284493e-22,0.013367238824085007,0.0047276466462807,0.008084836825714684,0.008264135808173844,0.010826591607695618,0.009556575997900156,0.0052874547969308005,1.1032254626908635e-34,0.01076943066949269,8.228610490212579e-28
40,1.6319446740277478e-40,1.2862953442312704e-26,0.0002529279542674802,2.966708136230146e-28,0.0015142509428543655,2.3603130562643264e-23,1.0603133318301848e-35,1.0094350907122434e-23,0.020677591401560513,1.5465756032488968e-17,0.0059026288773358394,0.02229172243221879,0.006487066130740705,0.011103885859015986,6.528631898755317e-27,0.005108420594103628,0.0030043813995629313,0.009227730612379394,0.002898576039110069,0.013641429858815838,0.06281924339533572,1.3138669351669237e-24,0.029970964500274772,0.03167118197362706,0.04303895394622767,0.02808747322361751,0.008467864465732828,7.118640856649937e-33,0.020281151165099123,2.9965284245643903e-20
41,7.370818760883108e-40,5.863166692782383e-26,1.6024676520923e-12,8.9396683922408e-29,0.0005913590097136153,9.645357086407442e-23,9.721122196925225e-40,2.5311030243961248e-23,1.1372777707362264e-20,1.011378005078439e-22,0.015025446080417481,3.54621804944934e-32,1.3065961039809668e-25,0.008495419380407914,2.497471682385041e-29,1.5444102921077643e-24,0.015573276743102271,0.003688702434492728,0.0021647337286180377,0.006823513870706685,0.061301985492456156,2.854302653894686e-27,0.021002539086452467,1.6834212830024577e-44,0.02924968540058369,8.820533091284692e-22,0.02913907556516492,6.193850674607819e-26,0.019595591019955623,3.90592519074937e-23
42,1.4004173812202154e-38,6.795869928353272e-25,0.002047265641990699,0.010654469307035997,0.005358893105597532,9.128307909069464e-22,4.3628342605519267e-38,0.005930061140048593,1.4420819663582898e-26,7.776408025742923e-24,0.004707793776226737,9.189569685962072e-38,0.014378753880450106,3.7241234993494684e-11,0.0004348530414739316,0.010849981498136358,0.005135558635336775,0.0004056219111578088,0.01756471194707625,0.005100828969081909,0.03349923200628562,9.286549947897268e-29,0.014391009767400953,1.677197102994766e-32,0.004417921985431253,4.575789677538645e-24,0.005189624226755318,2.3867526910811113e-27,0.0033561370499512137,8.509477135802257e-26
43,8.674278666394443e-37,1.1539256211345936e-23,0.0017972832569026031,0.0019229631812712217,0.00046383829369160055,5.467196685547441e-22,0.004148547582776464,0.008228077580407275,2.5299325237149898e-28,1.5116525456669154e-24,0.0005250110521559057,1.8731567211923465e-39,5.0019150728314585e-06,0.00020117348249024504,2.0838775789893507e-18,7.396459027736925e-24,0.0005291578755838147,0.00016734348746755281,0.005005113134833021,6.589358753970501e-23,0.011787835479746373,1.8209649051370572e-29,0.0005904975761060067,4.184931070292182e-33,0.002418205316852464,1.3746745524126552e-25,0.0014450287018148793,1.6198398219325512e-28,0.00045512412001017004,1.254649204868128e-27
44,1.1522224561331273e-35,1.4315887277403327e-22,0.0009759266037863358,1.5311379050124396e-29,0.0021544541205373246,1.5328624304285074e-22,0.0018037093952448478,0.003264735026700427,2.3979114799080452e-29,5.830438440640574e-25,0.00013771934812960434,2.950326341491281e-40,7.445498551335904e-28,7.52934773628242e-05,5.6657239705765325e-25,1.2342108317085575e-24,0.0003828877213789048,0.00010002715415252492,0.008977870698811076,2.1333671382767877e-21,0.00810483673291331,8.385960077276078e-30,0.0001592357706779714,1.4013942430075913e-33,0.0011300787877528548,2.1339390354361573e-26,0.00043259450590305996,3.64235715419239e-29,0.0001282527389935427,9.716240585478768e-29
45,1.5250297211014094e-36,1.9720883968736428e-22,0.00038279733590962454,1.9784846246717863e-30,0.0002573261824417682,8.626335106086186e-23,1.435233201965327e-36,7.002777080403734e-23,7.092896624249047e-30,4.010749741433108e-25,5.9679463283586464e-05,1.473428306113788e-40,5.466755811874516e-32,6.087463960532523e-05,1.731490337472862e-27,7.15167760861562e-26,0.00018926154557006948,9.773311006542277e-05,8.433179710817558e-05,1.743951458343079e-21,1.1158066949834898e-10,6.373669207796218e-30,8.351295124590405e-05,9.17416770151162e-34,0.0007435744350629545,1.5451268135435302e-26,0.000183573986573356,3.085651455586461e-29,5.887321533261697e-05,6.256256734262781e-29
46,4.169192449043697e-41,3.336468059703447e-27,8.858314868078299e-10,2.6389985661779627e-29,3.226734379305864e-08,4.760761788757844e-25,7.666800642538749e-37,2.1714414897266748e-23,9.125794045868722e-24,6.435159449013938e-14,1.931182765906902e-06,8.384939048760426e-30,7.617322408831106e-32,0.00017096811557987016,2.6063162104901526e-29,5.526661539852714e-26,0.00017189818171868738,0.00047160707298869655,2.8393995236470408e-06,1.1186844306957953e-20,4.578074294727369e-11,1.4349690768841127e-25,0.002148108875926965,6.2067998764412e-28,0.0034971192763006216,1.6422151041660835e-22,0.0019892587635720726,2.5730537492218325e-30,0.0019022805577961995,2.0036591210880238e-25
47,6.966979617857661e-41,6.415725816069797e-27,0.004855275597217257,0.00631927256777323,0.00258867709595151,9.34354953150539e-25,3.0458077449929987e-32,0.003781797287940429,4.497150432301958e-24,0.00045027560650565167,0.0050083204156169065,6.100088559582412e-21,0.008072800733764584,0.0003240803952724619,1.0409739975470521e-22,0.004165303327337593,0.0007314630069054519,0.0006272909258051292,0.0012619021669622197,3.207157785423509e-21,0.023170328669281225,3.4784314942070746e-25,0.00489488587626793,3.0667951840668416e-27,0.0077216742034820415,5.489609706923272e-22,0.0028175458041613285,1.662126389673933e-30,0.002754462557844588,3.5609969814432903e-25
48,1.6908092202092459e-40,1.1418224653805651e-26,0.008333757400444284,0.019203625066185778,0.007406423829940723,1.7271274411938264e-23,0.0005324225253523449,0.01937981428465285,1.0334696937944745e-22,0.013386131002779383,0.007723555901714043,0.00264734854572885,2.1413461678519714e-29,0.0007018175456881124,1.1318653454805883e-18,0.013378417712585793,0.005389497588191951,0.0012002241103448211,0.0011756379799736528,0.009370281022254148,0.011070193817016738,5.518451360673065e-24,0.012548245088888346,1.0505450475224234e-27,0.017602964132130815,9.785112006231646e-21,0.007133224610218451,3.2276226569098056e-37,0.004656943701669957,8.792729241001614e-23
49,5.246529815049333e-40,4.0102776415360327e-26,0.0004744124563246916,0.003252855396238254,0.016609032398973562,3.054021186360802e-22,4.606768701467836e-43,0.0019402079157704952,0.007722921945531494,9.80917907624645e-22,0.013268719438779612,0.013141951093274727,0.0063808317285406705,0.0014077059600883985,0.01061066201214242,0.00650209682919841,0.01052711521873277,0.0016712975173556388,0.013413087997861577,0.00042302156510235785,2.2664216064283252e-11,1.7449681416244523e-26,0.005417235456146589,1.0997679514993774e-29,0.0019381539107156366,3.780030431995446e-21,0.022272380960651438,8.296124176942452e-29,0.015621056411783792,4.725069085615232e-23
50,2.4811669384253824e-39,2.1784909122456963e-25,0.024410354338725914,0.02912788412021518,0.014443319485161785,2.5274340290795944e-21,0.012132545968495124,0.020578496448097176,0.019483564596114597,3.321656400046539e-25,0.02220231063120858,5.4179899301284815e-34,0.02698193204322725,0.0014487801807833882,0.03674688901937889,0.017031791298581542,0.008722166473190398,0.0008483736475301172,0.0219124685821516,2.3101216005089055e-15,0.009587004013849846,5.024634302903081e-27,0.023418206739777212,5.408218641042843e-31,0.015663195915862405,8.911530108210517e-23,0.01524015466315247,2.4363363810191802e-26,0.03658629731288976,8.037634769522119e-22
51,1.5471349255067913e-38,2.637171965522771e-24,0.019561764254795867,4.9305363233890864e-33,5.94878236902905e-15,2.1800055683245514e-24,0.01868331318131899,0.013508167855480119,3.1455007694530587e-25,3.169289151437993e-23,0.0007743284908900841,4.637476603623842e-37,3.413536664173167e-30,6.25865803246315e-05,0.021757553851409935,4.29795999491153e-34,0.013253896889387603,0.0002625292159403675,0.012236756155161219,6.809550051415428e-23,0.009933070871968812,4.732950870693204e-28,1.5326754494208622e-14,6.742888327602068e-32,0.0028281310175566413,1.2566965253680193e-23,0.004814497226678356,3.026721854157366e-27,0.01333412934398724,2.2352767008924574e-24
52,2.5548092410071014e-38,2.813002849016906e-23,0.0060472630508267775,9.016253627132078e-31,0.01281979998411134,1.7525037258689635e-21,0.013845870539955498,2.415359357681047e-22,2.889102374444271e-26,7.27311185928733e-24,0.002670004655551678,8.585964766291178e-39,0.005784297422539059,0.00020834901536015646,0.010877648658500072,3.6311872024436436e-22,0.004669467573668452,0.00015016710951545943,3.189531799458108e-05,5.033147329132955e-21,0.009537911362786587,1.2053249461947432e-28,0.0009428738839780788,2.945948122645189e-32,0.007864126819156119,1.0456314105145425e-24,0.0022649050345534935,4.341755408628816e-28,0.001971152266195802,3.695994436153111e-26
53,1.5682006171308023e-38,2.139555173572032e-22,0.008062307555759795,2.429124369503549e-31,0.0029872887404028396,2.412216670310779e-22,0.0012591067251639311,8.955158125277789e-26,4.934211024969467e-27,3.2604999238289304e-24,0.0016679179556530347,1.5343533768428328e-39,0.007878700423934508,8.263423348438525e-05,0.010051178935276711,2.4340690756541857e-21,0.0025968584164123734,9.15218603851617e-05,0.008007445465679714,0.0016565066977891794,0.00669207078709429,6.671309730625695e-29,0.0025183947491155723,1.5317652357846203e-32,0.0032471612062534073,3.005875778143418e-25,0.001679132984623199,1.5093070010275558e-28,0.0164413936926904,3.357955202684614e-27
54,1.116707245419581e-38,1.9860866705279173e-22,0.0012783017095993078,1.3652766096985004e-31,0.0011009313282097225,1.3296069277264134e-22,9.397978726460189e-34,2.2209341516837023e-23,3.01900744871299e-28,3.2252010689351216e-24,0.0003770859408060018,8.118468350927735e-40,2.8845108326377557e-30,7.294566479379766e-05,6.9171787428165e-26,3.6238421649700425e-24,0.0008110612020085767,9.649412801229113e-05,1.436988720121206e-07,1.0248043304114e-20,0.0032869203623849754,4.297279223815172e-29,0.0003818283659403748,9.019341871196879e-33,0.0019286093797021492,1.6019472126921358e-25,0.0004367049825611226,1.0904740003945445e-28,1.7681356512486974e-05,1.3219260906120167e-27
55,2.6117500033876215e-42,7.607638442815556e-28,1.4291850162852916e-06,1.3588612356324613e-33,9.96841790118139e-09,1.361385680477958e-24,1.7813246717742503e-36,5.509292611818388e-26,3.8656822745038293e-25,4.1768776320871964e-17,5.262847420775301e-05,1.3512044060834984e-32,6.990458054750189e-35,6.271789920016463e-05,7.356412843988502e-29,5.166754338742717e-25,4.800509607149312e-07,0.0003991043089301866,5.475482905663775e-09,1.4289162149664934e-21,0.017773300894085783,2.2907602943481083e-25,0.006921649486041481,3.73337081052797e-30,0.002963805793563507,1.8954520493994182e-23,0.001085639424375027,3.741739166566417e-30,0.0026107441580536205,2.264882367168514e-25
56,2.3007594953312543e-41,3.6679579998771855e-26,0.02319078165228231,0.016308659667986728,0.016193379568437114,4.498134210028689e-24,0.01945395531814975,0.0045834425628694005,2.786067090447271e-17,7.538983110674331e-16,0.009620477249123065,5.05605799789279e-32,0.008292195408224807,8.182350017465294e-05,0.019532890556554282,1.323824958193864e-22,0.011662708359659293,0.0005023184944379148,0.015440092428376538,4.843702066213691e-21,0.005583794982897534,3.32911075213017e-25,0.0061110793691047565,1.93218018890988e-30,0.006740795730277295,1.9465543528364512e-23,0.001995069775659331,8.042311685917706e-30,0.004695521594219125,1.3529152495302925e-24
57,1.9410679370198303e-40,5.297393841183725e-26,0.02658953737904393,0.00914778717345082,0.00974660394241999,3.6408008635574047e-22,0.034370835985459584,4.428054354275056e-19,0.028581514249425736,5.997718976436523e-18,0.027984545513883616,1.6029196296075027e-32,0.04785932955467564,0.00025254346581826426,0.03600343433737533,1.0293453062642601e-18,0.02275603400125469,0.0011874653124177208,0.038464881506026394,6.740394003569788e-20,0.007486345787698128,1.3323321875614208e-24,0.024249201621323685,1.3771384636832466e-29,0.009964468536007765,1.7055394432904033e-21,0.006390122721863784,8.4127045162617e-31,0.025985392575315604,1.6920670132714965e-22
58,1.643065028059428e-40,2.447046959403886e-25,0.01069880693732804,1.373484546757575e-31,0.023938014292479312,6.551520160606361e-20,0.032865493259069394,0.012676589206180991,0.0048969266734086555,3.283206521675354e-20,0.011675208817636668,4.9734875251694696e-37,0.008278225699727476,0.0006061229332083487,0.04039437487061803,1.8974135925310014e-22,0.01832627255581481,0.005694424617142584,0.04773057308349739,2.623862850644458e-18,0.008956622992074512,8.097424169977855e-25,0.012963587549823172,2.592291624105667e-29,0.01639319186207941,2.2184418055682586e-20,0.0030980372369704685,3.2610692362376366e-29,0.043174650649524686,3.380500328425254e-20
59,1.2688124681040958e-38,1.8328894459022705e-24,0.0147797189331334,1.050696400272394e-30,0.02606504153031481,1.3121402284860915e-18,0.028224683013930232,0.01230269634747201,0.04738418488871469,1.2237500662227169e-21,0.07030357841251067,4.551488403476663e-34,0.03716850685039811,0.0012770234334262725,0.003484499566335331,7.961367602049005e-22,0.05553347133116889,0.0009810152795050643,0.015693545381573283,0.022031138463691532,0.002889139746356844,3.955182390283252e-26,0.03300526279700361,2.691031015589297e-36,1.712476043698574e-07,1.1388457828907688e-28,0.025094171112152536,1.2903985083365219e-27,0.037697256080101695,2.4945503079718262e-20
60,1.738557407462354e-38,1.1836825219069425e-25,0.033119466214000484,7.130418435886047e-32,0.051747313030960175,1.2523290775819312e-19,0.02848121573481574,1.2732059721468366e-27,0.06014633686750446,1.0346744060847046e-22,0.06558323612572904,1.284700506958713e-37,0.0162281318839761,0.0010213576260118676,0.004240991591674292,2.234556877690543e-27,0.008529081968205836,0.0005571706750474901,0.010189528576140415,2.0970441473465933e-26,0.009104024739734028,6.758133159554249e-31,5.200062602560921e-11,1.577707914314113e-41,0.07424904175804269,2.49866541715047e-24,0.031277660750950335,2.1305303175831118e-26,0.055817752161186666,1.256065283062485e-22
61,2.1453463669915127e-39,9.394000048480246e-23,0.015136081554507992,2.732750282623535e-32,0.0011501723966832451,1.5722456674111678e-21,0.006106827834756923,9.624453853222384e-23,0.004252846650759236,3.238158893623902e-23,0.01608455796992374,2.0428771147000816e-39,0.01952391380656062,8.5494654936926e-05,0.025782330708412102,7.279920932307083e-23,5.196795314165511e-06,0.00020327093976947158,4.190487929366644e-12,6.897904075747052e-21,0.006850472229003113,1.1564435573690194e-27,0.020867384210409047,1.1971902149565443e-30,0.0015753527494432496,8.088821533954343e-25,0.022176939119886545,1.85698594359083e-27,0.027343518931140755,1.3570662217468698e-25
62,3.245621951483325e-40,1.8621593517764284e-22,0.0026775495300930294,1.08910195370513e-32,0.0018748658043871388,1.5607721083741734e-22,0.023594841496403875,5.615627616002742e-28,2.7219889764138376e-23,1.341323350012632e-23,0.000499304462276184,3.9645551575171565e-39,1.1024037960067741e-30,3.993628850638029e-08,0.002563811008537133,1.4006497174840256e-24,0.002309121011699451,0.00011754689691561084,0.02095992947707526,2.360165921232699e-25,0.005995262080138856,1.641081656545978e-29,0.006184101100496659,2.9403180924519256e-31,0.008778570459540166,4.488746142796001e-24,0.0003733079545957387,5.995738176800775e-28,0.003034829448086797,6.914144544911558e-26
63,2.691294205208348e-43,2.152213821159171e-27,0.0026585728656119295,8.794773834774043e-33,0.0014530731677359454,8.504559575058782e-23,3.3883425562176004e-40,3.0772561175380698e-24,1.6342657684103468e-32,9.004356866778402e-24,0.0017315316235577253,2.5772591297803503e-39,3.1414639863766916e-35,7.864794509714755e-05,1.899559676424815e-24,6.079453679369836e-24,0.0015082458885933186,1.8420463302034799e-09,2.3253370691501115e-13,9.426853611001734e-21,0.004831244826322346,3.217592123821061e-28,6.218197445083698e-05,1.9132503570226562e-31,2.1576106869703524e-08,1.2672494880920077e-24,0.0005343007927674871,4.009357805357531e-28,0.00022808882418917786,2.7697100708641113e-26
64,1.6182284306020193e-45,9.508357196266198e-26,0.003793308024773458,8.094822087798599e-28,0.007627065932776323,6.421529297808417e-26,2.0386018507307762e-32,1.2933398538486522e-26,1.2509334029696355e-19,1.0196225376316567e-19,5.497525535174393e-12,2.0627672546579736e-35,2.3247614029918583e-33,8.157057929903079e-12,9.364912185263847e-25,2.075373315599636e-26,9.9920798804332e-07,2.1929778437433306e-10,0.0013952668240118404,1.4757863737120536e-30,0.006703244209009553,5.300633873409245e-32,8.00718970875086e-10,1.8309391862927675e-31,5.003552479918815e-07,4.989696982783986e-28,0.002993156060271071,1.474516650804235e-29,0.002537276401090631,3.3242887096541425e-24
65,3.7448992406676325e-41,3.472413186538738e-25,0.006584718585251816,1.916998528529575e-27,0.017455325128872178,1.0096770255696341e-23,0.009081420792816689,2.5842799682920894e-26,0.0025586669403449475,2.323113933153029e-18,0.0042175621765211686,1.4206203217297611e-35,0.004690769332100743,4.112027822609442e-05,0.020921488129225015,7.364725204888053e-26,0.014555030773729473,0.0007068639531336047,0.0029667217311982277,2.6108659018054235e-22,0.0075288286269373055,6.654787363169064e-25,0.0024494512421111714,2.4773825562223907e-32,0.003313098170605955,1.0994882948219836e-23,0.004371303907201717,1.9756474873592193e-29,0.003074970937927568,9.689971672035231e-24
66,3.549496936485786e-41,1.0720363432900325e-28,0.015812542242618615,9.443244018185043e-28,0.05907190545817509,2.2236685340084244e-30,0.009666753686924384,2.0651311180810977e-25,0.04259150611018703,1.5340004333838445e-25,0.029830713793401843,3.002053528548057e-36,0.016066832026924546,1.7286041971809898e-12,1.0237997758664444e-23,8.526555454880689e-25,0.0351112985000608,0.00099461590520809,0.01701149671983686,5.605276184469294e-22,0.00988725581331229,2.1966090221232865e-26,0.02648391007866407,8.690011259640279e-31,0.03935059489076377,1.0954153246170467e-22,0.032731812764169824,7.936183459742558e-30,0.008473509809439268,3.7192238296192687e-22
67,8.53369890079444e-39,7.99118054350006e-24,0.10765787586763112,4.522504114465491e-28,0.04254614133685168,8.490299644130854e-22,0.023718925675072243,5.666498087765806e-23,4.56477602555135e-17,1.130206208865482e-19,0.05639668180715838,1.359458832209677e-35,0.02090127335599831,0.00021342562571436685,0.06606944350870812,1.8941340274263966e-24,0.057070602920109646,0.0008815559046731486,0.007039790421908673,1.976110342983306e-20,0.013179651586504165,6.137345014782585e-25,0.08962124383338144,1.2891200798010195e-29,0.0923253010825834,2.6058799762373493e-21,0.16054702515487326,1.9682970541803495e-29,7.342683617970885e-12,2.1446382682345833e-21
68,2.3443143139936555e-37,3.9020810025328986e-23,0.1628653742042413,6.036475115024849e-30,0.19161600805801707,0.0200278975389167,0.14203709497930903,5.033586064402279e-19,0.27923857051598255,8.036312104093097e-21,0.08229389649882807,6.688494754418696e-34,0.10149418381074987,0.0009506835368838625,0.12077366219450349,0.01634467653058904,0.08840121627953527,0.008697583260763787,0.1324113767695794,0.014674284741617217,0.0047952328847563775,2.0813927717240726e-26,0.046041185691059444,6.700680693389826e-34,0.09862459744432203,0.014045894813815858,0.09318817489838903,0.015076051901603103,0.0036690140700259117,4.389127659814977e-28
69,9.975083595954409e-39,9.207895533594578e-23,0.06762055425745478,2.0262755604676996e-32,0.01875828724523491,1.6354493681040678e-19,0.07662993742649589,3.628366539829193e-21,0.058707806436588746,6.3839046508896105e-22,0.019863481977928216,1.851874824886843e-36,0.0638550571537454,0.0011416791976107434,0.0778905726337298,6.0326821327328816e-27,0.0488960867955936,0.001046349867880302,0.06497852929920858,0.028625303844793504,0.00949312961343708,3.34303296747523e-26,0.11787354424025102,0.05657862391708396,0.01876433779891192,0.01412043317018601,1.2006821507265169e-11,0.010424519222953132,0.0006179523986817159,8.411604969813774e-25
70,7.460369505153241e-41,4.368011145187082e-23,0.01703046825716587,7.665771226840613e-34,0.0051812512025373805,3.3475111353522805e-22,2.990165388958891e-28,4.000885237301703e-24,3.225903648460983e-22,1.0790012721183131e-23,8.933503124295587e-12,4.0106316248162165e-38,9.564910011068004e-27,0.00022857159582582277,0.006910546717117327,2.4510079826196897e-23,2.359338654807632e-12,0.0002748210839280821,0.0139027389509843,8.418489851682043e-21,0.007817433470508846,6.40300724557888e-33,0.005327282647948391,1.6521066415722272e-29,0.02049245882027279,8.786487561513137e-23,0.02195711732592525,1.236427497924845e-28,0.0005310905806622722,1.1126675490886344e-29
71,1.242251046394268e-41,5.264605127626226e-23,0.00502475438311196,5.203659845754667e-34,0.0011213951844877743,1.2197423522866782e-23,0.011723306589981077,4.985265878775737e-27,0.09821689078067553,1.8398966814188983e-22,0.020758463326058164,6.577981705358959e-43,2.3001608424437674e-30,9.031726141198022e-05,7.287459193286068e-24,5.02430401783431e-25,0.004516867483479142,0.00021075063904302938,0.008511149264703382,4.6877835801561645e-21,0.0089531857682803,1.2151583387665582e-26,0.022296990914870196,4.404077833572238e-27,0.012037184565245527,3.5787385363870487e-25,0.0022187928543082364,2.0454737340936573e-27,0.016207109787734996,2.8742391135570118e-24
72,1.46063033074697e-41,6.400678412190684e-30,0.0004095392830215981,6.971074527601129e-34,0.0007623842077064243,7.636762502606473e-31,2.3290699167580227e-38,3.189904543935063e-25,8.38372904968758e-25,2.379945534402097e-22,1.0598014469839085e-11,2.5839044668445886e-39,7.677252905748494e-30,7.456934395360042e-05,1.172283573915123e-30,1.7735418280472786e-24,0.0006409502066193433,0.00011307308150335268,1.3548103587072716e-10,9.109025156553509e-26,0.005535957996337406,3.784453026833461e-27,3.5173721226617745e-05,1.5493442836034273e-31,1.803336361410129e-10,4.6892685760017556e-24,5.577773400074519e-10,1.5315509983656802e-27,0.0037280522157817075,3.615111977206319e-27
73,3.585941727390752e-48,7.380942508517195e-26,0.002045595673401656,1.4217280366975833e-33,0.00618087530454898,3.1544160062954804e-25,3.5258255510304995e-32,3.221967534317562e-28,4.105087656291961e-18,3.2151677006946584e-19,0.0014871022408966988,1.5706998907454873e-36,5.970829087385721e-26,3.0655536653573234e-05,5.921073719940465e-23,7.808162926647696e-27,0.004411635764188722,0.0006724405111676125,0.0007363893947085861,4.821590103587502e-23,0.008469498968083961,3.73050364178635e-25,0.002454699895666548,6.205723116782597e-39,0.001109542121175308,1.7300069585263964e-23,0.0030516481790413786,1.2868611617916196e-36,0.0034843638998724186,9.595779831059095e-24
74,5.209773101436834e-48,4.255654810583243e-24,0.0023810241007341864,2.4836314540987066e-28,0.006573754718566972,8.230441741741826e-26,1.764763182929208e-25,2.4552564197783318e-28,4.254621217551406e-17,7.167722925476559e-20,0.0025987153207955825,1.4939842186448651e-36,0.007184559023810519,5.5547249823485556e-05,0.004526737832398499,8.458160425940364e-27,0.010070123146647226,0.0011394262741357018,0.0008884322413501573,9.728750881060814e-23,0.009155422052494852,8.878954323310628e-25,0.003629591319416896,1.0458081716666888e-31,0.0027902745125564987,4.0175864452184763e-23,0.005208639333422843,3.8433663778524923e-29,9.951067561990166e-11,2.2360724532372426e-23
75,3.1898554303976243e-41,9.82650754494756e-24,0.01872452704076402,1.0867806596805604e-29,0.0035168604925461043,6.085938624263665e-32,0.0002603316541681356,1.954651152201894e-27,0.036664186152627724,1.4307702711168647e-19,0.027159059756755786,5.6281890985371615e-37,0.0033799844085608626,4.5905805407018464e-05,0.06425342078132537,4.185623908308249e-28,0.025484204689184057,0.0005620837504321635,0.042733927522983044,2.139063902770401e-22,0.007479348787769454,8.119573828045066e-25,0.012317113296278067,4.347842332787544e-31,0.05165034173688379,6.735419645376083e-23,9.40095913351131e-12,6.762936158060427e-29,0.05501276235331785,2.519047980906631e-22
76,2.220704755368784e-38,1.870926499441565e-22,0.08093410896921545,1.06393019292744e-27,0.2195685388821246,0.09728002402327422,0.1963397846604749,1.3415678932653456e-31,0.18245574490266525,8.928246577696912e-22,0.16739452465879465,1.75032259135322e-36,0.11612521633740035,0.00010196156647669567,0.09952879604774327,1.918322525319878e-25,0.1413303622756074,8.249791706480615e-09,0.11677007720745433,4.281482933079811e-28,0.17914069992476306,1.080362653067359e-23,0.1590199727841273,2.862190035918873e-31,0.07271719797652332,1.8125708134984656e-23,0.17716729543797793,9.263494316566765e-30,0.17850650438634016,7.018140315950037e-21
77,5.000371675801553e-34,2.7767903863779616e-28,0.045576138452125166,2.045305707426518e-29,0.030524514442811533,0.26900432464353413,0.0728171913135132,3.5626364433242895e-20,4.908355661157553e-25,1.962424720504307e-20,0.028489946997213498,2.5369820799184676e-35,0.09479872875037622,0.00042260869215210016,0.034689031043551366,0.0966639363030009,0.05778964818599886,0.04129738264867385,0.07677763179893246,3.158245531706604e-18,0.005122400587600791,0.04955566119436463,0.03530471645089498,0.030398024965785714,0.019735768895343057,0.08963712407152409,0.0043527403585672175,0.1847526285825134,0.0975725527701846,0.1740791569671386
78,3.7016903250824753e-39,4.8358890051377785e-23,0.03234254874955127,1.174815191903374e-35,0.02210676842507734,4.611319455019831e-24,1.2296114430563573e-23,5.150563794736539e-25,1.963249256491182e-24,1.0884747613469086e-21,0.018618629899602595,2.8206867456185868e-43,0.06985067277629037,2.2628920521646173e-05,0.0630000895078385,3.122396241939805e-25,0.05291484274379498,0.0003912885246697164,0.020646345176195798,2.456617507195793e-27,0.010304053329684903,6.760777678244249e-26,0.05108253947857484,0.004079869585924339,0.018639821539892888,0.025032108552911776,0.01642827150735406,0.023047215392704972,0.023398992573505903,0.0553264419050315
79,2.2211620091062194e-42,2.2184804310380775e-23,0.02526926913602618,9.355015688612327e-35,0.06674448694770427,2.1704363465805504e-24,0.06799407767114073,1.3196063642504159e-23,1.8671462124096832e-22,3.13139305176554e-22,0.04231893764630776,4.486045456078784e-38,4.297751820316293e-27,0.0001235637622223572,0.05658753614700958,8.7364165911828e-25,0.045383313208084794,0.0002858299075831777,0.022929736699554473,3.0883891023097286e-21,0.010322192512561158,4.466684696942475e-25,0.07361355361019846,1.6080825913825193e-28,0.024302939947978882,1.4815541588603877e-22,0.06846444324416796,5.95519172376134e-34,1.504550064218463e-11,6.116632712992054e-22
80,6.6355587201345745e-43,1.000012192651325e-23,0.004455167837517678,7.546631796460723e-35,0.0011090866086136348,1.375660574618143e-24,2.254589006699792e-38,2.234404326103725e-25,4.314756824270225e-23,7.495616397091435e-23,0.01907597692410022,1.9249980924674206e-38,0.02700896467693474,0.00011276978771729413,0.008424162860672794,1.4449178332163107e-24,0.004133355334415447,0.0002761268152971681,0.001265795615573484,3.756349258634588e-21,0.011590197799094613,2.218129385470064e-25,0.005212717004002818,3.2158589839780054e-27,0.004628696114490839,3.62453033498369e-24,0.0031072151049197777,2.8217687649477687e-27,0.013310600221761738,3.9018259933845246e-24
81,5.388077838147916e-43,3.4740889705389725e-24,1.238240880883707e-10,6.333784170714639e-39,0.0015172596532290448,7.289886551417428e-25,5.238982311076497e-44,3.3217385771700977e-32,6.332825626764854e-25,1.884575807524462e-22,1.4085897485437284e-10,6.572208077231467e-45,3.167713953913138e-36,4.7479926931385296e-05,5.812764083083782e-23,1.0640970693572859e-31,0.002058190525184645,0.00015242494426764955,0.001325201870795004,2.423488999016676e-21,0.002443658791248238,5.601114312675604e-27,2.0665869440323147e-10,5.054182323351452e-28,0.00028303746725517035,6.702333119262382e-25,0.002452439189883937,1.98851779868222e-29,0.008396165720202365,1.325583690517689e-24
82,8.85881928620115e-43,3.6550158461770285e-24,0.0017731277005758955,7.991946459664352e-29,0.004364603397349138,1.902887169438448e-31,3.0945550600471175e-29,1.1207820282048607e-28,1.9449858520605733e-20,3.122041137360688e-20,0.0009139952676028581,1.8282793255407192e-36,1.087864610210638e-27,6.265476083929594e-05,2.2805752857014874e-23,8.346159364254864e-27,0.0022535748746944986,0.0011100930009133314,0.0006095917142398301,5.350813180284893e-23,0.009122162044845776,5.68234787105867e-25,0.003042564928002821,5.694073476484846e-32,0.0005715377488969532,4.221800228538101e-23,0.019340396260284828,2.2451032738275895e-29,0.003999306072622915,8.108297723924832e-25
83,4.7759161964181556e-43,2.0979853593105056e-23,0.0024859198896462157,3.9580587174913186e-29,0.0033036535684165067,2.951202963253534e-29,2.5232538133896086e-29,3.578395779417255e-29,0.008464296490502385,7.942155130864947e-27,0.0012561269840867981,8.482593164713017e-37,0.0031324506475023184,5.051347166738791e-05,1.2001762258944619e-23,3.366779559971095e-27,0.0018316625324212362,0.0010774222553171604,0.0007782620461669704,3.189308367294101e-23,0.009948286265412134,3.354403527866621e-25,0.0020929401667240115,4.7867399499382435e-32,0.0016091551824837945,3.408421832066421e-23,0.0009393681464948891,2.544620616798465e-29,0.005898289893799553,1.4702378752192824e-22
84,7.504373185648584e-45,1.2910034040179171e-22,0.03876573813387884,3.17885571521937e-32,0.00010019645472690831,2.822363258755457e-32,0.04447498517223874,2.507635627852681e-35,7.012520564262374e-20,5.862918808117875e-20,0.030012390396579304,3.4553685032763384e-37,0.009609063756639403,1.8118930583184795e-05,1.8926619591477003e-28,2.6913108218443996e-33,0.010546012947612775,0.0015136798868771312,0.03221888383190698,6.115710807713828e-23,0.0015562262476976126,7.321139157811314e-26,0.009349533751723165,1.5252963140478927e-31,0.028027922709816255,7.598535602641884e-30,1.3006935166399121e-11,2.0284128873488453e-29,1.4781869824988192e-09,1.7448026448311425e-21
85,8.555204474890434e-77,0.015965496584737216,0.011017242829768714,3.9758589623138995e-28,0.008811661327671357,0.20055059862320254,8.975917229035489e-11,8.042688402516805e-27,0.026861707756838746,0.3323506958101752,0.022597058911398453,5.780414949057798e-40,0.05745987461697597,1.4986360977418413e-06,0.029098586191816055,0.13032396758474193,0.019833749720115236,0.23288593915291528,0.011765634279234891,3.6700650642107697e-22,0.03387137411452218,0.23808730142025514,0.030225774378317676,4.151557913235124e-35,0.013480190862451037,2.2844480012699255e-22,0.010362467095448375,2.7764049967298665e-34,0.038437537361386054,8.757692693871038e-22
86,0.9596396874709684,0.977295947124331,0.021024748741093297,0.8326473929535961,0.023056393132324982,0.41313717516706705,8.961853682477365e-21,0.7825976967155664,7.245387569041217e-23,0.5623273694617716,0.02364690662217689,0.8338909080983027,0.06955055855055436,0.7711123259407449,2.674635210267774e-32,0.6279679984965382,0.044101816841087244,0.6175665773672064,0.008688215008870228,0.616718166302928,5.568316158141328e-12,0.6456113762748313,0.0003180295101841157,0.6422308051191165,0.014950412230240948,0.6049221564480435,0.015056515953280303,0.5788817524615218,0.04203601953781141,0.5642230352420319
87,1.0830938653003591e-42,1.522336663399189e-27,0.014884737028253565,2.2334994243054197e-36,0.029697857730552786,4.550723753369763e-32,9.943174105128176e-27,0.03583932793017195,8.850104365690472e-22,3.801977710259531e-22,0.02017605616256671,0.06356749030170294,0.05142444758879894,0.1207108560108135,2.5432723853401426e-22,9.371072989801688e-32,0.03574961989331531,6.933429147883994e-11,0.009780684731100497,0.19862357927712168,0.010148031874852206,3.1397676315629803e-31,1.848017320937562e-13,0.17265704851046965,0.0654640938209465,0.16111754641708848,0.02121671844687037,0.12978791718465993,0.03974486752459871,0.15724322170021574
88,7.723866871661166e-48,7.984644855552208e-25,0.030767798861317124,2.874551518440933e-45,0.021080154035290437,6.0245471035773944e-27,0.02996523196612791,1.870780139363221e-25,1.296926336985328e-22,9.785058292606328e-22,0.026129602267635683,1.073450404005033e-41,3.958506507740223e-31,5.666893416764216e-11,0.022818050305229858,2.486417028471005e-25,0.02367151891616948,0.00023188946675309195,0.059696077753568465,1.7133129746819404e-21,0.009062080289853797,2.4358095433643755e-24,1.9126254843897605e-07,2.2151711774750434e-35,0.03968907697486298,3.6648052564100835e-25,0.04868655767188771,9.110071118313397e-35,0.009262868704821549,2.0521967839810342e-22
89,3.525269278465573e-44,1.1680109495340637e-24,0.0032534333288957505,1.0545808061853277e-35,1.2524844648132244e-09,3.8416915179284915e-26,3.948850777458533e-44,4.113802186637674e-26,2.4596758810904832e-23,1.635053636028745e-21,0.006645922129401008,1.7229273074224263e-38,6.766496378871794e-33,0.00012050271851416722,4.07493873435628e-21,8.807309217322799e-25,0.000736470717632003,0.0006784856229986165,0.0019914806186789587,3.574218091175327e-21,0.010827450062742126,7.046000760889393e-24,0.003820561876849903,6.119271175293661e-28,0.00395923474894317,3.0162764469555704e-24,4.927544194210276e-09,0.003640745214224808,0.011149954326394413,8.571075695498293e-24
