,El-array,Spa.1,Spa.2,Spa.3,Spa.4,Rho ,Dev., M  ,Sp  ,Vp  ,In  ,Name,Date
,Mixed / non conventional,72.00,65.00,71.00,1.00,-2875.44,1.69,0.00,-363.80,-54.591,0.143,MA72B65Rec,7/7/2022 2:41:59 PM
,Mixed / non conventional,72.00,65.00,71.00,2.00,-3370.14,2.01,0.00,-351.03,-55.665,0.124,MA72B65Rec,7/7/2022 2:42:01 PM
,Mixed / non conventional,72.00,65.00,71.00,3.00,-3987.67,2.41,0.00,-382.49,-57.668,0.109,MA72B65Rec,7/7/2022 2:42:03 PM
,Mixed / non conventional,72.00,65.00,71.00,4.00,-5256.06,2.43,0.00,-344.99,-61.681,0.088,MA72B65Rec,7/7/2022 2:42:05 PM
,Mixed / non conventional,72.00,65.00,71.00,5.00,-5104.48,1.79,0.00,-389.72,-61.449,0.091,MA72B65Rec,7/7/2022 2:42:07 PM
,Mixed / non conventional,72.00,65.00,71.00,6.00,-4313.84,3.00,0.00,-359.04,-57.881,0.101,MA72B65Rec,7/7/2022 2:42:09 PM
,Mixed / non conventional,72.00,65.00,71.00,7.00,-3560.66,1.93,0.00,-381.85,-55.996,0.118,MA72B65Rec,7/7/2022 2:42:11 PM
,Mixed / non conventional,72.00,65.00,71.00,8.00,-3194.70,0.68,0.00,-368.30,-55.144,0.130,MA72B65Rec,7/7/2022 2:42:13 PM
,Mixed / non conventional,72.00,65.00,71.00,9.00,-2622.49,1.93,0.00,-608.29,-53.818,0.154,MA72B65Rec,7/7/2022 2:42:15 PM
,Mixed / non conventional,72.00,65.00,71.00,10.00,-2997.52,0.38,0.00,-458.81,-54.622,0.137,MA72B65Rec,7/7/2022 2:42:17 PM
,Mixed / non conventional,72.00,65.00,71.00,11.00,-3429.93,0.55,0.00,-404.20,-55.576,0.122,MA72B65Rec,7/7/2022 2:42:20 PM
,Mixed / non conventional,72.00,65.00,71.00,12.00,-3878.43,0.62,0.00,-250.52,-56.756,0.110,MA72B65Rec,7/7/2022 2:42:22 PM
,Mixed / non conventional,72.00,65.00,71.00,13.00,-3936.44,1.03,0.00,-347.07,-56.797,0.108,MA72B65Rec,7/7/2022 2:42:24 PM
,Mixed / non conventional,72.00,65.00,71.00,14.00,-3601.26,0.94,0.00,-428.94,-55.951,0.117,MA72B65Rec,7/7/2022 2:42:26 PM
,Mixed / non conventional,72.00,65.00,71.00,15.00,-3331.37,1.07,0.00,-131.24,-55.131,0.124,MA72B65Rec,7/7/2022 2:42:28 PM
,Mixed / non conventional,72.00,65.00,71.00,16.00,-3047.91,1.09,0.00,-395.83,-54.584,0.135,MA72B65Rec,7/7/2022 2:42:30 PM
,Mixed / non conventional,72.00,65.00,71.00,17.00,-2141.36,0.81,0.00,-496.36,-52.797,0.185,MA72B65Rec,7/7/2022 2:42:32 PM
,Mixed / non conventional,72.00,65.00,71.00,18.00,-2500.31,1.14,0.00,-634.00,-53.370,0.160,MA72B65Rec,7/7/2022 2:42:34 PM
,Mixed / non conventional,72.00,65.00,71.00,19.00,-2827.78,0.98,0.00,-340.89,-53.980,0.143,MA72B65Rec,7/7/2022 2:42:36 PM
,Mixed / non conventional,72.00,65.00,71.00,20.00,-3096.56,1.52,0.00,-239.30,-54.502,0.132,MA72B65Rec,7/7/2022 2:42:38 PM
,Mixed / non conventional,72.00,65.00,71.00,21.00,-3096.93,1.98,0.00,-396.51,-54.676,0.133,MA72B65Rec,7/7/2022 2:42:40 PM
,Mixed / non conventional,72.00,65.00,71.00,22.00,-3090.94,1.85,0.00,-157.10,-54.511,0.132,MA72B65Rec,7/7/2022 2:42:42 PM
,Mixed / non conventional,72.00,65.00,71.00,23.00,-2856.14,2.88,0.00,-93.97,-53.986,0.142,MA72B65Rec,7/7/2022 2:42:44 PM
,Mixed / non conventional,72.00,65.00,71.00,24.00,-2759.48,1.37,0.00,-325.33,-53.780,0.146,MA72B65Rec,7/7/2022 2:42:46 PM
,Mixed / non conventional,72.00,65.00,71.00,25.00,-1577.96,0.66,0.00,-474.97,-51.735,0.246,MA72B65Rec,7/7/2022 2:42:48 PM
,Mixed / non conventional,72.00,65.00,71.00,26.00,-1870.85,0.35,0.00,-391.15,-52.184,0.209,MA72B65Rec,7/7/2022 2:42:50 PM
,Mixed / non conventional,72.00,65.00,71.00,27.00,-2058.99,0.84,0.00,-53.46,-52.559,0.192,MA72B65Rec,7/7/2022 2:42:52 PM
,Mixed / non conventional,72.00,65.00,71.00,28.00,-2303.91,1.54,0.00,-202.36,-52.931,0.172,MA72B65Rec,7/7/2022 2:42:55 PM
,Mixed / non conventional,72.00,65.00,71.00,29.00,-2339.51,1.08,0.00,-127.47,-53.071,0.170,MA72B65Rec,7/7/2022 2:42:57 PM
,Mixed / non conventional,72.00,65.00,71.00,30.00,-2352.37,0.99,0.00,-258.08,-53.064,0.169,MA72B65Rec,7/7/2022 2:42:59 PM
,Mixed / non conventional,72.00,65.00,71.00,31.00,-2344.75,0.72,0.00,-44.93,-52.944,0.169,MA72B65Rec,7/7/2022 2:43:01 PM
,Mixed / non conventional,72.00,65.00,71.00,32.00,-2253.15,1.94,0.00,-155.74,-52.861,0.176,MA72B65Rec,7/7/2022 2:43:03 PM
,Mixed / non conventional,72.00,65.00,71.00,33.00,-829.40,1.03,0.00,-425.81,-50.731,0.458,MA72B65Rec,7/7/2022 2:43:05 PM
,Mixed / non conventional,72.00,65.00,71.00,34.00,-1063.82,0.22,0.00,-372.80,-51.026,0.359,MA72B65Rec,7/7/2022 2:43:07 PM
,Mixed / non conventional,72.00,65.00,71.00,35.00,-1282.64,0.15,0.00,-5.86,-51.319,0.299,MA72B65Rec,7/7/2022 2:43:09 PM
,Mixed / non conventional,72.00,65.00,71.00,36.00,-1535.83,0.42,0.00,-226.42,-51.650,0.252,MA72B65Rec,7/7/2022 2:43:11 PM
,Mixed / non conventional,72.00,65.00,71.00,37.00,-1671.84,2.07,0.00,-301.28,-51.837,0.232,MA72B65Rec,7/7/2022 2:43:13 PM
,Mixed / non conventional,72.00,65.00,71.00,38.00,-1701.01,1.25,0.00,-225.86,-51.863,0.228,MA72B65Rec,7/7/2022 2:43:15 PM
,Mixed / non conventional,72.00,65.00,71.00,39.00,-1731.10,1.01,0.00,-146.38,-51.926,0.224,MA72B65Rec,7/7/2022 2:43:17 PM
,Mixed / non conventional,72.00,65.00,71.00,40.00,-1806.21,0.36,0.00,-35.57,-52.015,0.215,MA72B65Rec,7/7/2022 2:43:19 PM
,Mixed / non conventional,72.00,65.00,71.00,41.00,-3.48,2.82,0.00,-389.58,-0.582,1.247,MA72B65Rec,7/7/2022 2:43:21 PM
,Mixed / non conventional,72.00,65.00,71.00,42.00,-237.69,0.22,0.00,-366.65,-39.399,1.235,MA72B65Rec,7/7/2022 2:43:23 PM
,Mixed / non conventional,72.00,65.00,71.00,43.00,-577.93,0.08,0.00,-105.87,-50.807,0.654,MA72B65Rec,7/7/2022 2:43:25 PM
,Mixed / non conventional,72.00,65.00,71.00,44.00,-839.61,0.46,0.00,-272.55,-51.026,0.452,MA72B65Rec,7/7/2022 2:43:27 PM
,Mixed / non conventional,72.00,65.00,71.00,45.00,-1035.34,1.38,0.00,-308.14,-51.166,0.367,MA72B65Rec,7/7/2022 2:43:30 PM
,Mixed / non conventional,72.00,65.00,71.00,46.00,-1182.24,1.04,0.00,-360.49,-51.309,0.322,MA72B65Rec,7/7/2022 2:43:32 PM
,Mixed / non conventional,72.00,65.00,71.00,47.00,-1249.39,0.10,0.00,-124.13,-51.344,0.304,MA72B65Rec,7/7/2022 2:43:34 PM
,Mixed / non conventional,72.00,65.00,71.00,48.00,-1288.53,1.09,0.00,-267.53,-51.389,0.295,MA72B65Rec,7/7/2022 2:43:36 PM
,Mixed / non conventional,72.00,65.00,71.00,49.00,874.44,0.28,0.00,-498.07,50.880,0.429,MA72B65Rec,7/7/2022 2:43:38 PM
,Mixed / non conventional,72.00,65.00,71.00,50.00,638.79,0.50,0.00,-400.33,50.718,0.584,MA72B65Rec,7/7/2022 2:43:40 PM
,Mixed / non conventional,72.00,65.00,71.00,51.00,197.54,0.44,0.00,-193.65,33.079,1.227,MA72B65Rec,7/7/2022 2:43:42 PM
,Mixed / non conventional,72.00,65.00,71.00,52.00,-165.70,0.90,0.00,-363.94,-27.658,1.219,MA72B65Rec,7/7/2022 2:43:44 PM
,Mixed / non conventional,72.00,65.00,71.00,53.00,-449.91,0.34,0.00,-371.14,-50.734,0.820,MA72B65Rec,7/7/2022 2:43:46 PM
,Mixed / non conventional,72.00,65.00,71.00,54.00,-660.39,0.46,0.00,-260.38,-51.042,0.559,MA72B65Rec,7/7/2022 2:43:48 PM
,Mixed / non conventional,72.00,65.00,71.00,55.00,-816.18,1.35,0.00,-3.67,-51.100,0.450,MA72B65Rec,7/7/2022 2:43:50 PM
,Mixed / non conventional,72.00,65.00,71.00,56.00,-874.42,0.19,0.00,-23.93,-51.100,0.416,MA72B65Rec,7/7/2022 2:43:52 PM
,Mixed / non conventional,72.00,65.00,71.00,57.00,1786.11,0.90,0.00,-401.68,52.314,0.206,MA72B65Rec,7/7/2022 2:43:54 PM
,Mixed / non conventional,72.00,65.00,71.00,58.00,1317.88,0.41,0.00,-376.13,51.608,0.272,MA72B65Rec,7/7/2022 2:43:56 PM
,Mixed / non conventional,72.00,65.00,71.00,59.00,846.83,0.24,0.00,-3.65,50.988,0.410,MA72B65Rec,7/7/2022 2:43:58 PM
,Mixed / non conventional,72.00,65.00,71.00,60.00,381.88,0.33,0.00,-217.55,50.534,0.875,MA72B65Rec,7/7/2022 2:44:00 PM
,Mixed / non conventional,72.00,65.00,71.00,61.00,69.97,0.39,0.00,-93.41,13.319,1.205,MA72B65Rec,7/7/2022 2:44:02 PM
,Mixed / non conventional,72.00,65.00,71.00,62.00,-169.73,0.49,0.00,-317.89,-34.458,1.196,MA72B65Rec,7/7/2022 2:44:05 PM
,Mixed / non conventional,72.00,65.00,71.00,63.00,-294.88,0.39,0.00,-15.02,-50.721,0.884,MA72B65Rec,7/7/2022 2:44:07 PM
,Mixed / non conventional,72.00,65.00,71.00,64.00,-273.35,0.67,0.00,-124.39,-51.014,0.686,MA72B65Rec,7/7/2022 2:44:09 PM
,Mixed / non conventional,72.00,65.00,71.00,66.00,978.99,0.57,0.00,-434.62,52.718,0.203,MA72B65Rec,7/7/2022 2:44:11 PM
,Mixed / non conventional,72.00,65.00,71.00,67.00,955.97,1.16,0.00,-207.67,51.503,0.299,MA72B65Rec,7/7/2022 2:44:13 PM
,Mixed / non conventional,72.00,65.00,71.00,68.00,724.14,1.95,0.00,-114.78,50.963,0.482,MA72B65Rec,7/7/2022 2:44:15 PM
,Mixed / non conventional,72.00,65.00,71.00,69.00,526.00,0.32,0.00,-72.91,50.670,0.807,MA72B65Rec,7/7/2022 2:44:17 PM
,Mixed / non conventional,72.00,65.00,71.00,70.00,294.65,0.54,0.00,9.01,29.626,1.185,MA72B65Rec,7/7/2022 2:44:19 PM
,Mixed / non conventional,72.00,65.00,71.00,63.00,-293.61,0.56,0.00,-14.99,-50.782,0.889,MA72B65Rec,7/7/2022 2:44:21 PM
,Mixed / non conventional,72.00,65.00,71.00,70.00,294.04,0.53,0.00,9.05,29.422,1.179,MA72B65Rec,7/7/2022 2:44:23 PM
,Mixed / non conventional,72.00,65.00,71.00,62.00,-168.81,0.54,0.00,-317.58,-33.775,1.179,MA72B65Rec,7/7/2022 2:44:25 PM
,Mixed / non conventional,72.00,65.00,2.00,1.00,-12347578.00,0.38,0.00,-11.31,51.220,0.557,MA72B65Rec,7/7/2022 2:44:27 PM
,Mixed / non conventional,72.00,65.00,4.00,3.00,-31575914.00,0.87,0.00,-44.06,87.211,0.338,MA72B65Rec,7/7/2022 2:44:29 PM
,Mixed / non conventional,72.00,65.00,3.00,2.00,-19559722.00,0.89,0.00,20.13,51.592,0.338,MA72B65Rec,7/7/2022 2:44:29 PM
,Mixed / non conventional,72.00,65.00,6.00,5.00,24060700.00,1.04,0.00,-26.13,-52.130,0.242,MA72B65Rec,7/7/2022 2:44:31 PM
,Mixed / non conventional,72.00,65.00,8.00,7.00,7046817.50,0.32,0.00,-14.18,-50.718,0.728,MA72B65Rec,7/7/2022 2:44:33 PM
,Mixed / non conventional,72.00,65.00,7.00,6.00,16441240.00,0.33,0.00,26.25,-112.674,0.728,MA72B65Rec,7/7/2022 2:44:33 PM
,Mixed / non conventional,72.00,65.00,10.00,9.00,-6120545.50,0.82,0.00,-153.22,61.236,0.916,MA72B65Rec,7/7/2022 2:44:35 PM
,Mixed / non conventional,72.00,65.00,9.00,1.00,782923.06,0.81,0.00,243.28,-50.613,0.916,MA72B65Rec,7/7/2022 2:44:36 PM
,Mixed / non conventional,72.00,65.00,14.00,13.00,5584701.50,0.12,0.00,92.04,-87.571,1.161,MA72B65Rec,7/7/2022 2:44:38 PM
,Mixed / non conventional,72.00,65.00,13.00,12.00,-698125.25,0.58,0.00,96.02,10.368,1.161,MA72B65Rec,7/7/2022 2:44:38 PM
,Mixed / non conventional,72.00,65.00,12.00,11.00,-8527475.00,0.12,0.00,-154.57,120.056,1.161,MA72B65Rec,7/7/2022 2:44:38 PM
,Mixed / non conventional,72.00,65.00,11.00,10.00,-8099875.00,0.13,0.00,-53.66,108.214,1.161,MA72B65Rec,7/7/2022 2:44:38 PM
,Mixed / non conventional,72.00,65.00,10.00,2.00,1112829.38,0.12,0.00,100.28,-95.731,1.161,MA72B65Rec,7/7/2022 2:44:38 PM
,Mixed / non conventional,72.00,65.00,16.00,8.00,400010.31,0.72,0.00,38.97,-46.473,1.155,MA72B65Rec,7/7/2022 2:44:40 PM
,Mixed / non conventional,72.00,65.00,18.00,17.00,-3297697.50,0.40,0.00,140.50,50.887,0.910,MA72B65Rec,7/7/2022 2:44:42 PM
,Mixed / non conventional,72.00,65.00,17.00,9.00,829057.56,0.40,0.00,-114.97,-80.124,0.910,MA72B65Rec,7/7/2022 2:44:42 PM
,Mixed / non conventional,72.00,65.00,20.00,19.00,-2703238.75,0.27,0.00,-112.56,59.465,1.149,MA72B65Rec,7/7/2022 2:44:44 PM
,Mixed / non conventional,72.00,65.00,19.00,18.00,-3165787.50,0.27,0.00,-284.42,65.518,1.149,MA72B65Rec,7/7/2022 2:44:44 PM
,Mixed / non conventional,72.00,65.00,18.00,10.00,895234.69,0.29,0.00,178.77,-115.506,1.149,MA72B65Rec,7/7/2022 2:44:44 PM
,Mixed / non conventional,72.00,65.00,10.00,1.00,-143649.08,0.22,0.00,90.27,13.462,1.149,MA72B65Rec,7/7/2022 2:44:44 PM
,Mixed / non conventional,72.00,65.00,22.00,21.00,585125.75,0.12,0.00,-242.81,-14.454,1.138,MA72B65Rec,7/7/2022 2:44:46 PM
,Mixed / non conventional,72.00,65.00,21.00,20.00,-753735.19,0.14,0.00,169.28,17.471,1.138,MA72B65Rec,7/7/2022 2:44:46 PM
,Mixed / non conventional,72.00,65.00,20.00,12.00,1508476.38,0.05,0.00,-9.15,-215.891,1.138,MA72B65Rec,7/7/2022 2:44:46 PM
,Mixed / non conventional,72.00,65.00,12.00,4.00,4017870.75,0.15,0.00,-91.20,-373.823,1.138,MA72B65Rec,7/7/2022 2:44:46 PM
,Mixed / non conventional,72.00,65.00,24.00,16.00,417537.31,2.96,0.00,-67.47,-70.055,1.048,MA72B65Rec,7/7/2022 2:44:48 PM
,Mixed / non conventional,72.00,65.00,16.00,15.00,3203932.00,2.96,0.00,271.86,-50.705,1.048,MA72B65Rec,7/7/2022 2:44:48 PM
,Mixed / non conventional,72.00,65.00,26.00,25.00,-1709589.25,0.47,0.00,-85.91,50.785,1.046,MA72B65Rec,7/7/2022 2:44:50 PM
,Mixed / non conventional,72.00,65.00,25.00,17.00,607297.56,0.46,0.00,-13.41,-108.338,1.046,MA72B65Rec,7/7/2022 2:44:50 PM
,Mixed / non conventional,72.00,65.00,28.00,27.00,-1053892.38,0.56,0.00,154.18,39.911,1.154,MA72B65Rec,7/7/2022 2:44:53 PM
,Mixed / non conventional,72.00,65.00,27.00,26.00,-1256883.25,0.54,0.00,-334.46,44.248,1.154,MA72B65Rec,7/7/2022 2:44:53 PM
,Mixed / non conventional,72.00,65.00,26.00,18.00,606607.75,0.54,0.00,-239.72,-127.439,1.154,MA72B65Rec,7/7/2022 2:44:53 PM
,Mixed / non conventional,72.00,65.00,18.00,9.00,262591.88,0.51,0.00,25.60,-37.328,1.154,MA72B65Rec,7/7/2022 2:44:53 PM
,Mixed / non conventional,72.00,65.00,30.00,29.00,6097.26,9.57,0.00,129.56,-0.267,1.148,MA72B65Rec,7/7/2022 2:44:56 PM
,Mixed / non conventional,72.00,65.00,29.00,28.00,-524998.94,1.09,0.00,-69.50,21.313,1.148,MA72B65Rec,7/7/2022 2:44:56 PM
,Mixed / non conventional,72.00,65.00,28.00,20.00,700613.81,1.08,0.00,-23.01,-167.460,1.148,MA72B65Rec,7/7/2022 2:44:56 PM
,Mixed / non conventional,72.00,65.00,20.00,11.00,613044.19,1.02,0.00,-163.55,-97.034,1.148,MA72B65Rec,7/7/2022 2:44:56 PM
,Mixed / non conventional,72.00,65.00,11.00,3.00,1953204.63,1.00,0.00,24.71,-174.422,1.148,MA72B65Rec,7/7/2022 2:44:56 PM
,Mixed / non conventional,72.00,65.00,32.00,24.00,296782.09,0.29,0.00,-163.81,-51.163,0.620,MA72B65Rec,7/7/2022 2:44:58 PM
,Mixed / non conventional,72.00,65.00,34.00,33.00,-629353.50,1.98,0.00,-59.42,38.331,1.148,MA72B65Rec,7/7/2022 2:45:00 PM
,Mixed / non conventional,72.00,65.00,33.00,25.00,374377.50,2.01,0.00,-43.75,-128.994,1.148,MA72B65Rec,7/7/2022 2:45:00 PM
,Mixed / non conventional,72.00,65.00,36.00,35.00,-617683.69,0.53,0.00,221.51,45.103,1.151,MA72B65Rec,7/7/2022 2:45:02 PM
,Mixed / non conventional,72.00,65.00,35.00,34.00,-610264.81,0.52,0.00,-363.28,40.690,1.151,MA72B65Rec,7/7/2022 2:45:02 PM
,Mixed / non conventional,72.00,65.00,34.00,26.00,388551.25,0.51,0.00,-16.94,-145.205,1.151,MA72B65Rec,7/7/2022 2:45:02 PM
,Mixed / non conventional,72.00,65.00,26.00,17.00,269976.63,0.49,0.00,-98.78,-61.829,1.151,MA72B65Rec,7/7/2022 2:45:02 PM
,Mixed / non conventional,72.00,65.00,38.00,37.00,-69510.45,0.70,0.00,-75.74,6.104,1.144,MA72B65Rec,7/7/2022 2:45:04 PM
,Mixed / non conventional,72.00,65.00,37.00,36.00,-324187.16,0.61,0.00,82.51,25.842,1.144,MA72B65Rec,7/7/2022 2:45:04 PM
,Mixed / non conventional,72.00,65.00,36.00,28.00,325613.69,0.63,0.00,20.85,-142.573,1.144,MA72B65Rec,7/7/2022 2:45:04 PM
,Mixed / non conventional,72.00,65.00,28.00,19.00,411416.41,0.62,0.00,-135.69,-106.993,1.144,MA72B65Rec,7/7/2022 2:45:04 PM
,Mixed / non conventional,72.00,65.00,19.00,11.00,1139252.88,0.62,0.00,-49.74,-154.744,1.144,MA72B65Rec,7/7/2022 2:45:04 PM
,Mixed / non conventional,72.00,65.00,11.00,2.00,-122893.32,0.72,0.00,45.79,12.031,1.144,MA72B65Rec,7/7/2022 2:45:04 PM
,Mixed / non conventional,72.00,65.00,42.00,41.00,-266108.75,0.18,0.00,-26.71,35.253,1.130,MA72B65Rec,7/7/2022 2:45:07 PM
,Mixed / non conventional,72.00,65.00,41.00,33.00,191069.41,0.18,0.00,-36.83,-130.619,1.130,MA72B65Rec,7/7/2022 2:45:07 PM
,Mixed / non conventional,72.00,65.00,44.00,43.00,-258870.41,0.96,0.00,164.53,43.014,1.119,MA72B65Rec,7/7/2022 2:45:09 PM
,Mixed / non conventional,72.00,65.00,43.00,42.00,-360917.44,0.93,0.00,-255.00,53.150,1.119,MA72B65Rec,7/7/2022 2:45:09 PM
,Mixed / non conventional,72.00,65.00,42.00,34.00,178081.80,0.95,0.00,-3.48,-133.292,1.119,MA72B65Rec,7/7/2022 2:45:09 PM
,Mixed / non conventional,72.00,65.00,34.00,25.00,226627.64,0.97,0.00,-102.71,-89.558,1.119,MA72B65Rec,7/7/2022 2:45:09 PM
,Mixed / non conventional,72.00,65.00,46.00,45.00,-113820.34,0.20,0.00,55.50,24.879,1.138,MA72B65Rec,7/7/2022 2:45:11 PM
,Mixed / non conventional,72.00,65.00,45.00,44.00,-179691.09,0.20,0.00,37.20,34.433,1.138,MA72B65Rec,7/7/2022 2:45:11 PM
,Mixed / non conventional,72.00,65.00,44.00,36.00,130745.14,0.18,0.00,47.50,-123.108,1.138,MA72B65Rec,7/7/2022 2:45:11 PM
,Mixed / non conventional,72.00,65.00,36.00,27.00,217890.70,0.19,0.00,175.57,-103.037,1.138,MA72B65Rec,7/7/2022 2:45:11 PM
,Mixed / non conventional,72.00,65.00,27.00,19.00,663986.44,0.18,0.00,-290.39,-146.972,1.138,MA72B65Rec,7/7/2022 2:45:11 PM
,Mixed / non conventional,72.00,65.00,19.00,10.00,334572.69,0.11,0.00,-103.46,-49.584,1.138,MA72B65Rec,7/7/2022 2:45:11 PM
,Mixed / non conventional,72.00,65.00,10.00,3.00,3694504.50,0.16,0.00,79.43,-278.648,1.138,MA72B65Rec,7/7/2022 2:45:11 PM
,Mixed / non conventional,72.00,65.00,51.00,50.00,-147458.66,0.04,0.00,-204.41,69.613,1.142,MA72B65Rec,7/7/2022 2:45:13 PM
,Mixed / non conventional,72.00,65.00,50.00,49.00,-97966.89,0.03,0.00,-101.34,39.002,1.142,MA72B65Rec,7/7/2022 2:45:13 PM
,Mixed / non conventional,72.00,65.00,49.00,41.00,80100.33,0.03,0.00,110.39,-139.953,1.142,MA72B65Rec,7/7/2022 2:45:13 PM
,Mixed / non conventional,72.00,65.00,53.00,52.00,-65779.07,0.37,0.00,14.30,44.928,1.136,MA72B65Rec,7/7/2022 2:45:15 PM
,Mixed / non conventional,72.00,65.00,55.00,47.00,14992.56,0.18,0.00,-123.42,-68.710,1.124,MA72B65Rec,7/7/2022 2:45:17 PM
,Mixed / non conventional,72.00,65.00,47.00,40.00,83214.99,0.17,0.00,94.48,-101.302,1.124,MA72B65Rec,7/7/2022 2:45:17 PM
,Mixed / non conventional,72.00,65.00,40.00,32.00,139852.16,0.19,0.00,-121.43,-86.230,1.124,MA72B65Rec,7/7/2022 2:45:18 PM
,Mixed / non conventional,72.00,65.00,32.00,31.00,271137.88,0.09,0.00,113.32,-13.653,1.124,MA72B65Rec,7/7/2022 2:45:18 PM
,Mixed / non conventional,72.00,65.00,31.00,24.00,307868.03,0.18,0.00,-275.89,-80.656,1.124,MA72B65Rec,7/7/2022 2:45:18 PM
,Mixed / non conventional,72.00,65.00,24.00,23.00,902873.63,0.20,0.00,232.45,-25.121,1.124,MA72B65Rec,7/7/2022 2:45:18 PM
,Mixed / non conventional,72.00,65.00,23.00,16.00,334822.78,0.16,0.00,-298.87,-50.928,1.124,MA72B65Rec,7/7/2022 2:45:18 PM
,Mixed / non conventional,72.00,65.00,16.00,7.00,1001203.88,0.18,0.00,27.14,-124.335,1.124,MA72B65Rec,7/7/2022 2:45:18 PM
,Mixed / non conventional,72.00,65.00,59.00,58.00,-26533.72,0.82,0.00,-370.37,56.718,0.733,MA72B65Rec,7/7/2022 2:45:20 PM
,Mixed / non conventional,72.00,65.00,58.00,57.00,-33359.08,0.81,0.00,-27.60,50.985,0.733,MA72B65Rec,7/7/2022 2:45:20 PM
,Mixed / non conventional,72.00,65.00,57.00,49.00,24641.59,0.81,0.00,-96.38,-113.058,0.733,MA72B65Rec,7/7/2022 2:45:20 PM
,Mixed / non conventional,72.00,65.00,61.00,60.00,-6996.20,0.32,0.00,-138.81,50.718,1.074,MA72B65Rec,7/7/2022 2:45:22 PM
,Mixed / non conventional,72.00,65.00,63.00,56.00,1297.19,0.27,0.00,-8.69,-79.066,1.125,MA72B65Rec,7/7/2022 2:45:24 PM
,Mixed / non conventional,72.00,65.00,56.00,55.00,-7613.54,0.36,0.00,21.44,10.139,1.125,MA72B65Rec,7/7/2022 2:45:24 PM
,Mixed / non conventional,72.00,65.00,55.00,54.00,-28047.49,0.27,0.00,-255.95,29.254,1.125,MA72B65Rec,7/7/2022 2:45:24 PM
,Mixed / non conventional,72.00,65.00,54.00,53.00,-40977.50,0.27,0.00,-112.58,34.144,1.125,MA72B65Rec,7/7/2022 2:45:24 PM
,Mixed / non conventional,72.00,65.00,53.00,45.00,29987.51,0.27,0.00,67.06,-95.283,1.125,MA72B65Rec,7/7/2022 2:45:24 PM
,Mixed / non conventional,72.00,65.00,45.00,37.00,108675.19,0.27,0.00,1.34,-113.295,1.125,MA72B65Rec,7/7/2022 2:45:24 PM
,Mixed / non conventional,72.00,65.00,37.00,29.00,290785.88,0.27,0.00,171.89,-136.513,1.125,MA72B65Rec,7/7/2022 2:45:24 PM
,Mixed / non conventional,72.00,65.00,29.00,21.00,638301.19,0.27,0.00,-259.77,-160.358,1.125,MA72B65Rec,7/7/2022 2:45:24 PM
,Mixed / non conventional,72.00,65.00,68.00,67.00,2156.33,0.19,0.00,-87.47,51.068,0.687,MA72B65Rec,7/7/2022 2:45:26 PM
,Mixed / non conventional,72.00,65.00,67.00,66.00,1279.32,0.17,0.00,-225.08,74.579,0.687,MA72B65Rec,7/7/2022 2:45:26 PM
,Mixed / non conventional,72.00,65.00,66.00,58.00,695.83,0.16,0.00,57.62,-57.949,0.687,MA72B65Rec,7/7/2022 2:45:26 PM
,Mixed / non conventional,72.00,65.00,58.00,50.00,14838.20,0.19,0.00,-22.27,-81.445,0.687,MA72B65Rec,7/7/2022 2:45:26 PM
,Mixed / non conventional,72.00,65.00,50.00,42.00,67006.14,0.18,0.00,36.57,-81.057,0.687,MA72B65Rec,7/7/2022 2:45:26 PM
,Mixed / non conventional,72.00,65.00,42.00,33.00,114479.62,0.21,0.00,-63.61,-56.759,0.687,MA72B65Rec,7/7/2022 2:45:26 PM
,Mixed / non conventional,72.00,65.00,70.00,63.00,-732.92,0.43,0.00,-25.37,-51.052,0.635,MA72B65Rec,7/7/2022 2:45:29 PM
,Mixed / non conventional,72.00,65.00,4.00,5.00,690341.81,4.28,0.00,-35.84,6.610,1.120,MA72B65Rec,7/7/2022 2:45:31 PM
,Mixed / non conventional,72.00,65.00,14.00,15.00,5067104.00,0.55,0.00,308.98,61.296,0.848,MA72B65Rec,7/7/2022 2:45:33 PM
,Mixed / non conventional,72.00,65.00,15.00,7.00,630975.44,0.56,0.00,-244.22,-51.016,0.848,MA72B65Rec,7/7/2022 2:45:33 PM
,Mixed / non conventional,72.00,65.00,22.00,23.00,2083894.75,0.06,0.00,65.86,53.917,1.117,MA72B65Rec,7/7/2022 2:45:35 PM
,Mixed / non conventional,72.00,65.00,23.00,31.00,363039.91,0.07,0.00,43.70,104.557,1.117,MA72B65Rec,7/7/2022 2:45:35 PM
,Mixed / non conventional,72.00,65.00,31.00,30.00,285148.66,0.07,0.00,-220.75,-13.160,1.117,MA72B65Rec,7/7/2022 2:45:35 PM
,Mixed / non conventional,72.00,65.00,30.00,22.00,518286.41,0.29,0.00,111.61,-51.646,0.416,MA72B65Rec,7/7/2022 2:45:37 PM
,Mixed / non conventional,72.00,65.00,40.00,48.00,58546.81,0.11,0.00,-240.18,87.364,1.115,MA72B65Rec,7/7/2022 2:45:39 PM
,Mixed / non conventional,72.00,65.00,48.00,47.00,-44397.22,0.06,0.00,145.29,12.619,1.115,MA72B65Rec,7/7/2022 2:45:39 PM
,Mixed / non conventional,72.00,65.00,47.00,39.00,68789.78,0.11,0.00,-26.86,-90.319,1.115,MA72B65Rec,7/7/2022 2:45:39 PM
,Mixed / non conventional,72.00,65.00,39.00,31.00,194180.67,0.11,0.00,113.58,-108.122,1.115,MA72B65Rec,7/7/2022 2:45:39 PM
,Mixed / non conventional,72.00,65.00,31.00,22.00,505113.59,0.10,0.00,-109.50,-158.308,1.115,MA72B65Rec,7/7/2022 2:45:39 PM
,Mixed / non conventional,72.00,65.00,22.00,14.00,837555.56,0.10,0.00,-269.54,-132.215,1.115,MA72B65Rec,7/7/2022 2:45:39 PM
,Mixed / non conventional,72.00,65.00,14.00,6.00,1602083.75,0.09,0.00,92.59,-161.756,1.115,MA72B65Rec,7/7/2022 2:45:39 PM
,Mixed / non conventional,72.00,65.00,39.00,40.00,-95521.52,0.74,0.00,121.98,-9.999,1.112,MA72B65Rec,7/7/2022 2:45:41 PM
,Mixed / non conventional,72.00,65.00,40.00,31.00,148220.41,0.69,0.00,-8.54,-97.804,1.112,MA72B65Rec,7/7/2022 2:45:41 PM
,Mixed / non conventional,72.00,65.00,38.00,39.00,-84518.00,0.22,0.00,74.64,-7.920,1.104,MA72B65Rec,7/7/2022 2:45:43 PM
,Mixed / non conventional,72.00,65.00,56.00,64.00,395.71,0.08,0.00,-105.13,57.735,1.109,MA72B65Rec,7/7/2022 2:45:46 PM
,Mixed / non conventional,72.00,65.00,64.00,63.00,-228.09,0.10,0.00,113.76,19.576,1.109,MA72B65Rec,7/7/2022 2:45:46 PM
,Mixed / non conventional,72.00,65.00,63.00,55.00,1100.87,0.10,0.00,13.36,-67.582,1.109,MA72B65Rec,7/7/2022 2:45:46 PM
,Mixed / non conventional,72.00,65.00,55.00,46.00,11653.89,0.09,0.00,-357.68,-55.567,1.109,MA72B65Rec,7/7/2022 2:45:46 PM
,Mixed / non conventional,72.00,65.00,46.00,47.00,-46002.11,0.17,0.00,233.96,-11.253,1.109,MA72B65Rec,7/7/2022 2:45:46 PM
,Mixed / non conventional,72.00,65.00,47.00,56.00,9688.29,0.18,0.00,102.34,50.820,0.997,MA72B65Rec,7/7/2022 2:45:48 PM
,Mixed / non conventional,72.00,65.00,56.00,48.00,12389.20,0.15,0.00,-247.74,-61.839,0.997,MA72B65Rec,7/7/2022 2:45:48 PM
,Mixed / non conventional,72.00,65.00,48.00,39.00,48295.63,0.17,0.00,118.51,-68.962,0.997,MA72B65Rec,7/7/2022 2:45:48 PM
,Mixed / non conventional,72.00,65.00,39.00,32.00,184955.33,0.13,0.00,0.85,-83.808,0.997,MA72B65Rec,7/7/2022 2:45:48 PM
,Mixed / non conventional,72.00,65.00,32.00,23.00,345219.03,0.13,0.00,70.40,-104.177,0.997,MA72B65Rec,7/7/2022 2:45:48 PM
,Mixed / non conventional,72.00,65.00,51.00,52.00,-101086.74,0.67,0.00,-166.13,-50.801,1.014,MA72B65Rec,7/7/2022 2:45:50 PM
,Mixed / non conventional,72.00,65.00,52.00,44.00,39514.76,0.62,0.00,88.64,-95.785,1.014,MA72B65Rec,7/7/2022 2:45:50 PM
,Mixed / non conventional,72.00,65.00,44.00,35.00,77056.48,0.64,0.00,269.03,-69.630,1.014,MA72B65Rec,7/7/2022 2:45:50 PM
,Mixed / non conventional,72.00,65.00,35.00,27.00,371445.47,0.63,0.00,-46.09,-132.661,1.014,MA72B65Rec,7/7/2022 2:45:50 PM
,Mixed / non conventional,72.00,65.00,27.00,18.00,343215.97,0.68,0.00,-570.14,-73.982,1.014,MA72B65Rec,7/7/2022 2:45:50 PM
,Mixed / non conventional,72.00,65.00,18.00,11.00,1921546.00,0.66,0.00,232.76,-196.324,1.014,MA72B65Rec,7/7/2022 2:45:50 PM
,Mixed / non conventional,72.00,65.00,11.00,4.00,6161841.50,0.69,0.00,68.28,-435.135,1.014,MA72B65Rec,7/7/2022 2:45:50 PM
,Mixed / non conventional,72.00,65.00,70.00,69.00,1116.50,0.43,0.00,-89.12,42.296,1.099,MA72B65Rec,7/7/2022 2:45:52 PM
,Mixed / non conventional,72.00,65.00,59.00,60.00,-16801.95,0.35,0.00,-224.29,-72.710,1.010,MA72B65Rec,7/7/2022 2:45:54 PM
,Mixed / non conventional,72.00,65.00,60.00,52.00,5667.17,0.35,0.00,-130.62,-81.748,1.010,MA72B65Rec,7/7/2022 2:45:54 PM
,Mixed / non conventional,72.00,65.00,52.00,43.00,22068.29,0.35,0.00,251.49,-56.581,1.010,MA72B65Rec,7/7/2022 2:45:54 PM
,Mixed / non conventional,72.00,65.00,43.00,35.00,143854.14,0.35,0.00,106.42,-107.877,1.010,MA72B65Rec,7/7/2022 2:45:54 PM
,Mixed / non conventional,72.00,65.00,35.00,26.00,240588.59,0.34,0.00,-377.94,-92.981,1.010,MA72B65Rec,7/7/2022 2:45:55 PM
,Mixed / non conventional,72.00,65.00,26.00,19.00,1023101.31,0.34,0.00,41.52,-169.495,1.010,MA72B65Rec,7/7/2022 2:45:55 PM
,Mixed / non conventional,72.00,65.00,19.00,12.00,2245290.00,0.36,0.00,107.21,-241.782,1.010,MA72B65Rec,7/7/2022 2:45:55 PM
,Mixed / non conventional,72.00,65.00,12.00,3.00,550914.94,0.06,0.00,-126.67,-50.030,1.010,MA72B65Rec,7/7/2022 2:45:55 PM
,Mixed / non conventional,72.00,65.00,61.00,62.00,-3388.68,0.67,0.00,-235.05,-43.752,1.093,MA72B65Rec,7/7/2022 2:45:57 PM
,Mixed / non conventional,72.00,65.00,62.00,63.00,-1154.84,0.67,0.00,300.05,-31.241,1.093,MA72B65Rec,7/7/2022 2:45:57 PM
,Mixed / non conventional,72.00,65.00,63.00,54.00,626.36,0.68,0.00,-242.22,-38.509,1.093,MA72B65Rec,7/7/2022 2:45:57 PM
,Mixed / non conventional,72.00,65.00,54.00,46.00,22631.39,0.68,0.00,-101.96,-83.373,1.093,MA72B65Rec,7/7/2022 2:45:57 PM
,Mixed / non conventional,72.00,65.00,46.00,38.00,80799.17,0.68,0.00,132.02,-91.963,1.093,MA72B65Rec,7/7/2022 2:45:57 PM
,Mixed / non conventional,72.00,65.00,38.00,30.00,253866.20,0.66,0.00,-32.32,-126.414,1.093,MA72B65Rec,7/7/2022 2:45:57 PM
,Mixed / non conventional,72.00,65.00,30.00,21.00,544280.69,0.67,0.00,-129.77,-155.466,1.093,MA72B65Rec,7/7/2022 2:45:57 PM
,Mixed / non conventional,72.00,65.00,21.00,13.00,1358304.75,0.65,0.00,67.76,-197.905,1.093,MA72B65Rec,7/7/2022 2:45:57 PM
,Mixed / non conventional,72.00,65.00,13.00,5.00,3600518.25,0.69,0.00,-26.98,-338.323,1.093,MA72B65Rec,7/7/2022 2:45:57 PM
,Mixed / non conventional,72.00,65.00,68.00,69.00,1701.21,0.45,0.00,36.57,-49.281,1.092,MA72B65Rec,7/7/2022 2:45:59 PM
,Mixed / non conventional,72.00,65.00,43.00,51.00,51609.25,0.38,0.00,-85.29,114.694,1.088,MA72B65Rec,7/7/2022 2:46:01 PM
,Mixed / non conventional,72.00,65.00,51.00,59.00,9808.15,0.38,0.00,189.09,111.949,1.088,MA72B65Rec,7/7/2022 2:46:01 PM
,Mixed / non conventional,72.00,65.00,59.00,67.00,1629.31,0.37,0.00,-201.53,59.303,1.088,MA72B65Rec,7/7/2022 2:46:01 PM
,Mixed / non conventional,72.00,65.00,67.00,58.00,-673.79,0.38,0.00,-167.01,26.661,1.088,MA72B65Rec,7/7/2022 2:46:01 PM
,Mixed / non conventional,72.00,65.00,58.00,49.00,10370.95,0.38,0.00,-124.58,-94.087,1.088,MA72B65Rec,7/7/2022 2:46:01 PM
,Mixed / non conventional,72.00,65.00,49.00,42.00,109082.67,0.37,0.00,138.90,-167.625,1.088,MA72B65Rec,7/7/2022 2:46:01 PM
,Mixed / non conventional,72.00,65.00,60.00,68.00,-9534.45,0.43,0.00,108.15,54.594,1.079,MA72B65Rec,7/7/2022 2:46:03 PM
,Mixed / non conventional,72.00,65.00,68.00,59.00,21077.68,0.46,0.00,116.67,23.210,1.079,MA72B65Rec,7/7/2022 2:46:03 PM
,Mixed / non conventional,72.00,65.00,59.00,50.00,3830.01,0.42,0.00,-391.38,-45.088,1.079,MA72B65Rec,7/7/2022 2:46:04 PM
,Mixed / non conventional,72.00,65.00,50.00,41.00,47473.18,0.43,0.00,8.42,-96.256,1.079,MA72B65Rec,7/7/2022 2:46:04 PM
,Mixed / non conventional,72.00,65.00,53.00,61.00,3590.81,0.32,0.00,290.65,79.267,1.080,MA72B65Rec,7/7/2022 2:46:06 PM
,Mixed / non conventional,72.00,65.00,61.00,69.00,-1368.42,0.34,0.00,0.54,57.038,1.080,MA72B65Rec,7/7/2022 2:46:06 PM
,Mixed / non conventional,72.00,65.00,69.00,60.00,-173.55,0.41,0.00,-144.43,-5.968,1.080,MA72B65Rec,7/7/2022 2:46:06 PM
,Mixed / non conventional,72.00,65.00,60.00,51.00,2106.93,0.32,0.00,36.06,-33.638,1.080,MA72B65Rec,7/7/2022 2:46:06 PM
,Mixed / non conventional,72.00,65.00,51.00,42.00,27079.81,0.32,0.00,-165.46,-63.623,1.080,MA72B65Rec,7/7/2022 2:46:06 PM
,Mixed / non conventional,72.00,65.00,42.00,35.00,251441.69,0.35,0.00,357.80,-165.952,1.080,MA72B65Rec,7/7/2022 2:46:06 PM
,Mixed / non conventional,72.00,65.00,35.00,28.00,517803.19,0.33,0.00,-202.15,-178.643,1.080,MA72B65Rec,7/7/2022 2:46:06 PM
,Mixed / non conventional,72.00,65.00,54.00,62.00,2038.41,0.08,0.00,-57.67,68.914,1.073,MA72B65Rec,7/7/2022 2:46:08 PM
,Mixed / non conventional,72.00,65.00,62.00,70.00,-638.51,0.08,0.00,325.92,58.151,1.073,MA72B65Rec,7/7/2022 2:46:08 PM
,Mixed / non conventional,72.00,65.00,70.00,61.00,-190.78,0.07,0.00,-90.29,-14.956,1.073,MA72B65Rec,7/7/2022 2:46:08 PM
,Mixed / non conventional,72.00,65.00,15.00,23.00,606181.25,0.97,0.00,25.07,51.567,0.565,MA72B65Rec,7/7/2022 2:46:10 PM
,Mixed / non conventional,72.00,65.00,23.00,14.00,985162.81,0.97,0.00,-334.32,-91.757,0.565,MA72B65Rec,7/7/2022 2:46:10 PM
,Mixed / non conventional,72.00,65.00,14.00,5.00,3761878.75,0.97,0.00,70.14,-211.659,0.565,MA72B65Rec,7/7/2022 2:46:10 PM
,Mixed / non conventional,72.00,65.00,34.00,43.00,87050.20,0.10,0.00,253.73,51.033,0.732,MA72B65Rec,7/7/2022 2:46:12 PM
,Mixed / non conventional,72.00,65.00,43.00,36.00,211593.38,0.12,0.00,-115.11,-105.235,0.732,MA72B65Rec,7/7/2022 2:46:12 PM
,Mixed / non conventional,72.00,65.00,52.00,61.00,1601.08,0.30,0.00,273.48,36.617,1.087,MA72B65Rec,7/7/2022 2:46:14 PM
,Mixed / non conventional,72.00,65.00,61.00,54.00,5268.69,0.27,0.00,-178.31,-112.811,1.087,MA72B65Rec,7/7/2022 2:46:14 PM
,Mixed / non conventional,72.00,65.00,54.00,45.00,15249.46,0.29,0.00,-45.19,-59.084,1.087,MA72B65Rec,7/7/2022 2:46:14 PM
,Mixed / non conventional,72.00,65.00,45.00,36.00,78488.89,0.28,0.00,84.97,-84.994,1.087,MA72B65Rec,7/7/2022 2:46:14 PM
,Mixed / non conventional,72.00,65.00,36.00,29.00,414055.53,0.26,0.00,84.17,-156.410,1.087,MA72B65Rec,7/7/2022 2:46:14 PM
,Mixed / non conventional,72.00,65.00,44.00,53.00,18143.17,0.53,0.00,-105.74,59.016,1.087,MA72B65Rec,7/7/2022 2:46:17 PM
,Mixed / non conventional,72.00,65.00,53.00,62.00,1044.71,0.53,0.00,55.51,36.633,1.087,MA72B65Rec,7/7/2022 2:46:17 PM
,Mixed / non conventional,72.00,65.00,28.00,37.00,223187.66,1.14,0.00,-105.22,66.771,0.661,MA72B65Rec,7/7/2022 2:46:19 PM
,Mixed / non conventional,72.00,65.00,37.00,46.00,69294.04,1.18,0.00,-55.95,51.239,0.661,MA72B65Rec,7/7/2022 2:46:19 PM
,Mixed / non conventional,72.00,65.00,46.00,39.00,93719.20,1.15,0.00,205.05,-59.284,0.661,MA72B65Rec,7/7/2022 2:46:19 PM
,Mixed / non conventional,72.00,65.00,39.00,30.00,197727.64,1.13,0.00,-105.57,-70.670,0.661,MA72B65Rec,7/7/2022 2:46:19 PM
,Mixed / non conventional,72.00,65.00,30.00,23.00,370753.16,1.18,0.00,178.89,-53.079,0.661,MA72B65Rec,7/7/2022 2:46:19 PM
,Mixed / non conventional,72.00,65.00,55.00,64.00,329.62,1.41,0.00,-128.97,47.011,1.075,MA72B65Rec,7/7/2022 2:46:21 PM
,Mixed / non conventional,72.00,65.00,20.00,29.00,516528.38,0.41,0.00,82.37,88.226,0.701,MA72B65Rec,7/7/2022 2:46:23 PM
,Mixed / non conventional,72.00,65.00,29.00,38.00,231847.56,0.40,0.00,-94.48,80.295,0.701,MA72B65Rec,7/7/2022 2:46:23 PM
,Mixed / non conventional,72.00,65.00,38.00,47.00,57911.49,0.42,0.00,101.35,51.253,0.701,MA72B65Rec,7/7/2022 2:46:23 PM
,Mixed / non conventional,72.00,65.00,47.00,54.00,27133.13,0.40,0.00,-129.81,59.949,0.701,MA72B65Rec,7/7/2022 2:46:23 PM
,Mixed / non conventional,72.00,65.00,61.00,68.00,-7828.86,0.86,0.00,-37.29,51.325,0.544,MA72B65Rec,7/7/2022 2:46:25 PM
,Mixed / non conventional,72.00,65.00,12.00,21.00,1173906.13,0.67,0.00,-163.93,185.541,1.082,MA72B65Rec,7/7/2022 2:46:27 PM
,Mixed / non conventional,72.00,65.00,21.00,14.00,881414.19,0.66,0.00,-26.85,-114.245,1.082,MA72B65Rec,7/7/2022 2:46:27 PM
,Mixed / non conventional,72.00,65.00,14.00,7.00,-149913.48,0.62,0.00,67.91,13.153,1.082,MA72B65Rec,7/7/2022 2:46:27 PM
,Mixed / non conventional,72.00,65.00,46.00,53.00,39406.44,0.86,0.00,-10.78,51.487,0.497,MA72B65Rec,7/7/2022 2:46:29 PM
,Mixed / non conventional,72.00,65.00,53.00,60.00,8587.02,0.84,0.00,145.64,58.342,0.497,MA72B65Rec,7/7/2022 2:46:29 PM
,Mixed / non conventional,72.00,65.00,60.00,67.00,4214.36,0.86,0.00,25.49,61.065,0.497,MA72B65Rec,7/7/2022 2:46:29 PM
,Mixed / non conventional,72.00,65.00,4.00,13.00,3319355.00,0.22,0.00,-10.81,339.425,1.082,MA72B65Rec,7/7/2022 2:46:32 PM
,Mixed / non conventional,72.00,65.00,13.00,22.00,1241325.88,0.17,0.00,172.35,208.158,1.082,MA72B65Rec,7/7/2022 2:46:32 PM
,Mixed / non conventional,72.00,65.00,22.00,15.00,355574.13,0.19,0.00,41.70,-48.944,1.082,MA72B65Rec,7/7/2022 2:46:32 PM
,Mixed / non conventional,72.00,65.00,15.00,6.00,2068653.75,0.18,0.00,-213.03,-234.480,1.082,MA72B65Rec,7/7/2022 2:46:32 PM
,Mixed / non conventional,72.00,65.00,30.00,37.00,306922.91,0.91,0.00,-43.01,51.615,0.444,MA72B65Rec,7/7/2022 2:46:34 PM
,Mixed / non conventional,72.00,65.00,37.00,44.00,165796.88,0.96,0.00,39.97,55.763,0.444,MA72B65Rec,7/7/2022 2:46:34 PM
,Mixed / non conventional,72.00,65.00,44.00,51.00,73001.47,0.95,0.00,76.39,61.382,0.444,MA72B65Rec,7/7/2022 2:46:34 PM
,Mixed / non conventional,72.00,65.00,51.00,58.00,23065.65,0.95,0.00,-177.86,77.578,0.444,MA72B65Rec,7/7/2022 2:46:34 PM
,Mixed / non conventional,72.00,65.00,15.00,24.00,634717.25,0.61,0.00,-206.53,51.408,0.462,MA72B65Rec,7/7/2022 2:46:36 PM
,Mixed / non conventional,72.00,65.00,48.00,55.00,18393.07,0.24,0.00,271.60,50.985,0.725,MA72B65Rec,7/7/2022 2:46:38 PM
,Mixed / non conventional,72.00,65.00,55.00,62.00,2901.57,0.26,0.00,-312.38,64.344,0.725,MA72B65Rec,7/7/2022 2:46:38 PM
,Mixed / non conventional,72.00,65.00,62.00,69.00,-1805.63,0.23,0.00,233.76,65.986,0.725,MA72B65Rec,7/7/2022 2:46:38 PM
,Mixed / non conventional,72.00,65.00,31.00,38.00,244624.63,1.33,0.00,-189.27,51.341,0.506,MA72B65Rec,7/7/2022 2:46:40 PM
,Mixed / non conventional,72.00,65.00,38.00,45.00,122335.76,1.31,0.00,-72.91,52.635,0.506,MA72B65Rec,7/7/2022 2:46:40 PM
,Mixed / non conventional,72.00,65.00,45.00,52.00,54659.48,1.29,0.00,-48.89,61.506,0.506,MA72B65Rec,7/7/2022 2:46:40 PM
,Mixed / non conventional,72.00,65.00,52.00,59.00,14925.99,1.30,0.00,353.59,75.581,0.506,MA72B65Rec,7/7/2022 2:46:40 PM
,Mixed / non conventional,72.00,65.00,59.00,66.00,1362.17,1.32,0.00,-423.36,81.645,0.506,MA72B65Rec,7/7/2022 2:46:40 PM
,Mixed / non conventional,72.00,65.00,8.00,15.00,-114011.41,0.07,0.00,226.19,-10.460,1.073,MA72B65Rec,7/7/2022 2:46:42 PM
,Mixed / non conventional,72.00,65.00,22.00,29.00,618900.69,1.01,0.00,13.29,51.723,0.415,MA72B65Rec,7/7/2022 2:46:44 PM
,Mixed / non conventional,72.00,65.00,43.00,50.00,96473.32,0.99,0.00,-284.51,51.847,0.330,MA72B65Rec,7/7/2022 2:46:46 PM
,Mixed / non conventional,72.00,65.00,50.00,57.00,30577.28,0.98,0.00,-6.06,59.569,0.330,MA72B65Rec,7/7/2022 2:46:46 PM
,Mixed / non conventional,72.00,65.00,21.00,28.00,807332.75,2.20,0.00,190.87,51.700,0.341,MA72B65Rec,7/7/2022 2:46:49 PM
,Mixed / non conventional,72.00,65.00,6.00,13.00,902745.69,1.25,0.00,-1.77,50.788,0.730,MA72B65Rec,7/7/2022 2:46:51 PM
,Mixed / non conventional,72.00,65.00,13.00,20.00,1721713.25,1.33,0.00,104.87,142.065,0.730,MA72B65Rec,7/7/2022 2:46:51 PM
,Mixed / non conventional,72.00,65.00,20.00,27.00,1022728.94,1.31,0.00,174.49,131.025,0.730,MA72B65Rec,7/7/2022 2:46:51 PM
,Mixed / non conventional,72.00,65.00,27.00,34.00,559083.25,1.30,0.00,-311.55,120.147,0.730,MA72B65Rec,7/7/2022 2:46:51 PM
,Mixed / non conventional,72.00,65.00,34.00,41.00,268462.50,1.31,0.00,-25.26,108.174,0.730,MA72B65Rec,7/7/2022 2:46:51 PM
,Mixed / non conventional,72.00,65.00,5.00,12.00,3821100.75,0.59,0.00,119.96,53.093,0.190,MA72B65Rec,7/7/2022 2:46:53 PM
,Mixed / non conventional,72.00,65.00,26.00,33.00,557512.31,0.60,0.00,-45.65,51.602,0.341,MA72B65Rec,7/7/2022 2:46:55 PM
,Mixed / non conventional,72.00,65.00,18.00,25.00,985920.69,0.35,0.00,150.87,51.611,0.341,MA72B65Rec,7/7/2022 2:46:57 PM
,Mixed / non conventional,72.00,65.00,10.00,17.00,1559500.13,0.49,0.00,-37.94,51.599,0.347,MA72B65Rec,7/7/2022 2:46:59 PM
,Mixed / non conventional,72.00,65.00,2.00,9.00,2244372.50,0.43,0.00,-250.55,51.497,0.363,MA72B65Rec,7/7/2022 2:47:01 PM
,Mixed / non conventional,71.00,1.00,72.00,65.00,-3212.85,1.71,0.00,634.03,-89.790,0.210,MA72B65Rec,7/7/2022 2:47:03 PM
,Mixed / non conventional,71.00,2.00,72.00,65.00,-3772.64,1.46,0.00,572.67,-95.319,0.190,MA72B65Rec,7/7/2022 2:47:05 PM
,Mixed / non conventional,71.00,3.00,72.00,65.00,-4970.64,0.45,0.00,537.58,-151.315,0.229,MA72B65Rec,7/7/2022 2:47:07 PM
,Mixed / non conventional,71.00,4.00,72.00,65.00,-7006.47,1.25,0.00,512.73,-198.634,0.213,MA72B65Rec,7/7/2022 2:47:09 PM
,Mixed / non conventional,71.00,5.00,72.00,65.00,-6796.20,0.96,0.00,499.62,-195.591,0.217,MA72B65Rec,7/7/2022 2:47:11 PM
,Mixed / non conventional,71.00,6.00,72.00,65.00,-5081.58,2.03,0.00,499.61,-141.010,0.209,MA72B65Rec,7/7/2022 2:47:13 PM
,Mixed / non conventional,71.00,7.00,72.00,65.00,-4113.19,0.97,0.00,496.31,-107.687,0.197,MA72B65Rec,7/7/2022 2:47:15 PM
,Mixed / non conventional,71.00,8.00,72.00,65.00,-3579.93,0.41,0.00,491.07,-92.677,0.195,MA72B65Rec,7/7/2022 2:47:18 PM
,Mixed / non conventional,71.00,9.00,72.00,65.00,-2841.23,0.76,0.00,478.08,-72.952,0.193,MA72B65Rec,7/7/2022 2:47:20 PM
,Mixed / non conventional,71.00,10.00,72.00,65.00,-3322.91,1.28,0.00,475.70,-79.641,0.180,MA72B65Rec,7/7/2022 2:47:22 PM
,Mixed / non conventional,71.00,11.00,72.00,65.00,-3506.81,1.23,0.00,486.28,-64.167,0.138,MA72B65Rec,7/7/2022 2:47:24 PM
,Mixed / non conventional,71.00,12.00,72.00,65.00,-4724.48,0.65,0.00,453.72,-141.026,0.224,MA72B65Rec,7/7/2022 2:47:26 PM
,Mixed / non conventional,71.00,13.00,72.00,65.00,-4417.40,1.06,0.00,455.17,-97.169,0.165,MA72B65Rec,7/7/2022 2:47:28 PM
,Mixed / non conventional,71.00,14.00,72.00,65.00,-4110.72,0.35,0.00,436.41,-112.965,0.207,MA72B65Rec,7/7/2022 2:47:30 PM
,Mixed / non conventional,71.00,15.00,72.00,65.00,-3597.56,1.39,0.00,450.25,-88.973,0.186,MA72B65Rec,7/7/2022 2:47:32 PM
,Mixed / non conventional,71.00,16.00,72.00,65.00,-3198.36,1.63,0.00,445.98,-63.839,0.150,MA72B65Rec,7/7/2022 2:47:34 PM
,Mixed / non conventional,71.00,17.00,72.00,65.00,-2217.60,0.72,0.00,440.62,-63.318,0.215,MA72B65Rec,7/7/2022 2:47:36 PM
,Mixed / non conventional,71.00,18.00,72.00,65.00,-2561.21,0.98,0.00,431.41,-62.269,0.183,MA72B65Rec,7/7/2022 2:47:38 PM
,Mixed / non conventional,71.00,19.00,72.00,65.00,-3007.34,0.51,0.00,423.00,-98.899,0.247,MA72B65Rec,7/7/2022 2:47:40 PM
,Mixed / non conventional,71.00,20.00,72.00,65.00,-3477.18,0.43,0.00,421.23,-117.883,0.255,MA72B65Rec,7/7/2022 2:47:42 PM
,Mixed / non conventional,71.00,21.00,72.00,65.00,-3469.72,0.66,0.00,413.46,-95.153,0.206,MA72B65Rec,7/7/2022 2:47:44 PM
,Mixed / non conventional,71.00,22.00,72.00,65.00,-3400.05,0.64,0.00,418.68,-104.533,0.231,MA72B65Rec,7/7/2022 2:47:46 PM
,Mixed / non conventional,71.00,23.00,72.00,65.00,-3021.28,0.50,0.00,417.46,-87.749,0.218,MA72B65Rec,7/7/2022 2:47:48 PM
,Mixed / non conventional,71.00,24.00,72.00,65.00,-2787.42,0.60,0.00,411.12,-71.499,0.193,MA72B65Rec,7/7/2022 2:47:50 PM
,Mixed / non conventional,71.00,25.00,72.00,65.00,-1610.71,0.81,0.00,412.83,-56.880,0.265,MA72B65Rec,7/7/2022 2:47:53 PM
,Mixed / non conventional,71.00,26.00,72.00,65.00,-1930.38,0.36,0.00,408.44,-63.760,0.248,MA72B65Rec,7/7/2022 2:47:55 PM
,Mixed / non conventional,71.00,27.00,72.00,65.00,-2207.87,0.70,0.00,408.09,-73.921,0.251,MA72B65Rec,7/7/2022 2:47:57 PM
,Mixed / non conventional,71.00,28.00,72.00,65.00,-2332.56,0.99,0.00,404.77,-63.696,0.205,MA72B65Rec,7/7/2022 2:47:59 PM
,Mixed / non conventional,71.00,29.00,72.00,65.00,-2506.94,1.02,0.00,396.97,-82.197,0.246,MA72B65Rec,7/7/2022 2:48:01 PM
,Mixed / non conventional,71.00,30.00,72.00,65.00,-2513.69,0.77,0.00,394.39,-74.055,0.221,MA72B65Rec,7/7/2022 2:48:03 PM
,Mixed / non conventional,71.00,31.00,72.00,65.00,-2426.67,0.80,0.00,393.34,-78.140,0.241,MA72B65Rec,7/7/2022 2:48:05 PM
,Mixed / non conventional,71.00,32.00,72.00,65.00,-2381.67,0.65,0.00,390.80,-76.770,0.241,MA72B65Rec,7/7/2022 2:48:07 PM
,Mixed / non conventional,71.00,33.00,72.00,65.00,-842.76,0.25,0.00,395.29,-53.233,0.473,MA72B65Rec,7/7/2022 2:48:09 PM
,Mixed / non conventional,71.00,34.00,72.00,65.00,-1068.12,0.56,0.00,391.37,-55.427,0.388,MA72B65Rec,7/7/2022 2:48:11 PM
,Mixed / non conventional,71.00,35.00,72.00,65.00,-1303.44,0.08,0.00,388.94,-58.943,0.338,MA72B65Rec,7/7/2022 2:48:13 PM
,Mixed / non conventional,71.00,36.00,72.00,65.00,-1573.23,0.15,0.00,381.67,-60.094,0.286,MA72B65Rec,7/7/2022 2:48:15 PM
,Mixed / non conventional,71.00,37.00,72.00,65.00,-1733.68,0.80,0.00,376.35,-61.344,0.265,MA72B65Rec,7/7/2022 2:48:17 PM
,Mixed / non conventional,71.00,38.00,72.00,65.00,-1755.31,1.12,0.00,377.50,-61.232,0.261,MA72B65Rec,7/7/2022 2:48:19 PM
,Mixed / non conventional,71.00,39.00,72.00,65.00,-1780.81,0.28,0.00,375.89,-61.976,0.260,MA72B65Rec,7/7/2022 2:48:21 PM
,Mixed / non conventional,71.00,40.00,72.00,65.00,-1821.36,0.77,0.00,381.33,-57.312,0.235,MA72B65Rec,7/7/2022 2:48:23 PM
,Mixed / non conventional,71.00,41.00,72.00,65.00,-3.25,4.27,0.00,382.79,-2.339,5.363,MA72B65Rec,7/7/2022 2:48:25 PM
,Mixed / non conventional,71.00,42.00,72.00,65.00,-239.78,0.15,0.00,380.40,-51.360,1.596,MA72B65Rec,7/7/2022 2:48:27 PM
,Mixed / non conventional,71.00,43.00,72.00,65.00,-577.59,0.62,0.00,376.82,-52.705,0.679,MA72B65Rec,7/7/2022 2:48:30 PM
,Mixed / non conventional,71.00,44.00,72.00,65.00,-840.87,0.68,0.00,372.16,-54.648,0.483,MA72B65Rec,7/7/2022 2:48:32 PM
,Mixed / non conventional,71.00,45.00,72.00,65.00,-1051.22,0.90,0.00,367.17,-56.082,0.396,MA72B65Rec,7/7/2022 2:48:34 PM
,Mixed / non conventional,71.00,46.00,72.00,65.00,-1190.82,0.16,0.00,363.08,-57.411,0.357,MA72B65Rec,7/7/2022 2:48:36 PM
,Mixed / non conventional,71.00,47.00,72.00,65.00,-1261.58,0.89,0.00,363.29,-58.132,0.341,MA72B65Rec,7/7/2022 2:48:38 PM
,Mixed / non conventional,71.00,48.00,72.00,65.00,-1323.90,0.67,0.00,362.57,-56.050,0.313,MA72B65Rec,7/7/2022 2:48:40 PM
,Mixed / non conventional,71.00,49.00,72.00,65.00,873.11,0.66,0.00,370.60,55.894,0.472,MA72B65Rec,7/7/2022 2:48:42 PM
,Mixed / non conventional,71.00,50.00,72.00,65.00,640.38,0.35,0.00,370.18,52.772,0.606,MA72B65Rec,7/7/2022 2:48:44 PM
,Mixed / non conventional,71.00,51.00,72.00,65.00,202.53,0.09,0.00,363.61,50.693,1.835,MA72B65Rec,7/7/2022 2:48:46 PM
,Mixed / non conventional,71.00,52.00,72.00,65.00,-168.11,0.12,0.00,360.70,-51.417,2.234,MA72B65Rec,7/7/2022 2:48:48 PM
,Mixed / non conventional,71.00,53.00,72.00,65.00,-450.79,0.23,0.00,357.10,-51.888,0.837,MA72B65Rec,7/7/2022 2:48:50 PM
,Mixed / non conventional,71.00,54.00,72.00,65.00,-657.53,0.12,0.00,354.20,-53.640,0.590,MA72B65Rec,7/7/2022 2:48:52 PM
,Mixed / non conventional,71.00,55.00,72.00,65.00,-828.68,0.44,0.00,353.15,-54.416,0.472,MA72B65Rec,7/7/2022 2:48:54 PM
,Mixed / non conventional,71.00,56.00,72.00,65.00,-881.82,0.39,0.00,351.12,-56.228,0.454,MA72B65Rec,7/7/2022 2:48:56 PM
,Mixed / non conventional,71.00,57.00,72.00,65.00,1834.42,0.33,0.00,368.18,72.154,0.277,MA72B65Rec,7/7/2022 2:48:58 PM
,Mixed / non conventional,71.00,58.00,72.00,65.00,1355.03,0.76,0.00,361.25,59.264,0.304,MA72B65Rec,7/7/2022 2:49:00 PM
,Mixed / non conventional,71.00,59.00,72.00,65.00,856.20,1.04,0.00,351.69,56.457,0.449,MA72B65Rec,7/7/2022 2:49:02 PM
,Mixed / non conventional,71.00,60.00,72.00,65.00,382.15,0.15,0.00,349.75,51.669,0.894,MA72B65Rec,7/7/2022 2:49:05 PM
,Mixed / non conventional,71.00,61.00,72.00,65.00,73.53,0.10,0.00,345.83,50.460,4.345,MA72B65Rec,7/7/2022 2:49:07 PM
,Mixed / non conventional,71.00,62.00,72.00,65.00,-171.16,0.07,0.00,344.28,-51.122,1.759,MA72B65Rec,7/7/2022 2:49:09 PM
,Mixed / non conventional,71.00,63.00,72.00,65.00,-296.16,0.34,0.00,342.75,-52.921,0.919,MA72B65Rec,7/7/2022 2:49:11 PM
,Mixed / non conventional,71.00,64.00,72.00,65.00,-273.47,0.22,0.00,340.08,-52.921,0.712,MA72B65Rec,7/7/2022 2:49:13 PM
,Mixed / non conventional,71.00,66.00,72.00,65.00,1032.91,0.30,0.00,355.82,73.918,0.270,MA72B65Rec,7/7/2022 2:49:15 PM
,Mixed / non conventional,71.00,67.00,72.00,65.00,962.43,0.23,0.00,343.89,58.457,0.337,MA72B65Rec,7/7/2022 2:49:17 PM
,Mixed / non conventional,71.00,68.00,72.00,65.00,723.05,0.31,0.00,340.70,53.882,0.511,MA72B65Rec,7/7/2022 2:49:19 PM
,Mixed / non conventional,71.00,69.00,72.00,65.00,531.94,0.23,0.00,337.83,52.546,0.828,MA72B65Rec,7/7/2022 2:49:21 PM
,Mixed / non conventional,71.00,70.00,72.00,65.00,298.49,0.19,0.00,334.13,50.088,1.977,MA72B65Rec,7/7/2022 2:49:23 PM
,Mixed / non conventional,71.00,63.00,72.00,65.00,-296.17,0.05,0.00,331.93,-53.109,0.922,MA72B65Rec,7/7/2022 2:49:25 PM
,Mixed / non conventional,71.00,70.00,72.00,65.00,298.88,0.05,0.00,331.08,50.333,1.984,MA72B65Rec,7/7/2022 2:49:27 PM
,Mixed / non conventional,71.00,62.00,72.00,65.00,-171.06,0.13,0.00,329.66,-51.173,1.762,MA72B65Rec,7/7/2022 2:49:29 PM
